name,age,class,honorific,given_name,family_name,url
"Abrams, Mr. William Thomas",34.0,Engineering Crew,Mr,William Thomas,Abrams,/titanic-victim/william-thomas-abrams.html
"Adams, Mr. Robert John",26.0,Engineering Crew,Mr,Robert John,Adams,/titanic-victim/r-adams.html
"Allen, Mr. Ernest Frederick",24.0,Engineering Crew,Mr,Ernest Frederick,Allen,/titanic-survivor/ernest-frederick-allen.html
"Allen, Mr. Henry",30.0,Engineering Crew,Mr,Henry,Allen,/titanic-victim/henry-allen.html
"Allsop, Mr. Alfred Samuel",36.0,Engineering Crew,Mr,Alfred Samuel,Allsop,/titanic-victim/alfred-samuel-allsop.html
"Avery, Mr. James Albert",20.0,Engineering Crew,Mr,James Albert,Avery,/titanic-survivor/james-frank-avery.html
"Bailey, Mr. George Frank",46.0,Engineering Crew,Mr,George Frank,Bailey,/titanic-victim/george-bailey.html
"Baines, Mr. Richard",58.0,Engineering Crew,Mr,Richard,Baines,/titanic-victim/richard-baines.html
"Bannon, Mr. John Joseph",34.0,Engineering Crew,Mr,John Joseph,Bannon,/titanic-victim/john-bannon.html
"Barlow, Mr. Charles Henry",30.0,Engineering Crew,Mr,Charles Henry,Barlow,/titanic-victim/charles-barlow.html
"Barnes, Mr. Charles",29.0,Engineering Crew,Mr,Charles,Barnes,/titanic-victim/charles-barnes.html
"Barnes, Mr. John",39.0,Engineering Crew,Mr,John,Barnes,/titanic-victim/john-barnes.html
"Barrett, Mr. Frederick William",33.0,Engineering Crew,Mr,Frederick William,Barrett,/titanic-victim/frederick-william-barrett.html
"Barrett, Mr. Frederick William",29.0,Engineering Crew,Mr,Frederick William,Barrett,/titanic-survivor/frederick-barrett.html
"Beattie, Mr. Joseph John",40.0,Engineering Crew,Mr,Joseph John,Beattie,/titanic-victim/joseph-beattie.html
"Beauchamp, Mr. George William",24.0,Engineering Crew,Mr,George William,Beauchamp,/titanic-survivor/george-william-beauchamp.html
"Bell, Mr. Joseph",51.0,Engineering Crew,Mr,Joseph,Bell,/titanic-victim/joseph-bell.html
"Bendell, Mr. Frank",23.0,Engineering Crew,Mr,Frank,Bendell,/titanic-victim/f-bendell.html
"Bennett, Mr. George Alfred",30.0,Engineering Crew,Mr,George Alfred,Bennett,/titanic-victim/george-alfred-bennett.html
"Benville, Mr. Edward",47.0,Engineering Crew,Mr,Edward,Benville,/titanic-victim/e-benville.html
"Bessant, Mr. William Edward Lowe",40.0,Engineering Crew,Mr,William Edward Lowe,Bessant,/titanic-victim/william-edward-bessant.html
"Bevis, Mr. Joseph Henry",22.0,Engineering Crew,Mr,Joseph Henry,Bevis,/titanic-victim/joseph-henry-bevis.html
"Biddlecombe, Mr. Reginald Charles",31.0,Engineering Crew,Mr,Reginald Charles,Biddlecombe,/titanic-victim/charles-biddlecombe.html
"Biggs, Mr. Edward Charles",20.0,Engineering Crew,Mr,Edward Charles,Biggs,/titanic-victim/edward-charles-biggs.html
"Billows, Mr. James",20.0,Engineering Crew,Mr,James,Billows,/titanic-victim/j-billow.html
"Binstead, Mr. Walter William",20.0,Engineering Crew,Mr,Walter William,Binstead,/titanic-survivor/walter-binstead.html
"Black, Mr. Alexander",28.0,Engineering Crew,Mr,Alexander,Black,/titanic-victim/alexander-black.html
"Black, Mr. D.",41.0,Engineering Crew,Mr,D.,Black,/titanic-victim/d-black.html
"Blackman, Mr. Albert Edward",23.0,Engineering Crew,Mr,Albert Edward,Blackman,/titanic-victim/h-blackman.html
"Blake, Mr. John Douglas Stanley George",26.0,Engineering Crew,Mr,John Douglas Stanley George,Blake,/titanic-victim/seaton-blake.html
"Blake, Mr. Thomas Henry",36.0,Engineering Crew,Mr,Thomas Henry,Blake,/titanic-victim/thomas-blake.html
"Blake, Mr. Percival Albert",22.0,Engineering Crew,Mr,Percival Albert,Blake,/titanic-survivor/percival-albert-blake.html
"Blaney, Mr. James",32.0,Engineering Crew,Mr,James,Blaney,/titanic-victim/james-blaney.html
"Blann, Mr. Eustace Horatius",21.0,Engineering Crew,Mr,Eustace Horatius,Blann,/titanic-victim/eustace-horatius-blann.html
"Bott, Mr. William Thomas",46.0,Engineering Crew,Mr,William Thomas,Bott,/titanic-victim/w-bott.html
"Bradley, Mr. Patrick Joseph",38.0,Engineering Crew,Mr,Patrick Joseph,Bradley,/titanic-victim/patrick-joseph-bradley.html
"Brewer, Mr. Harry",30.0,Engineering Crew,Mr,Harry,Brewer,/titanic-victim/henry-harry-brewer.html
"Briant, Mr. Albert",34.0,Engineering Crew,Mr,Albert,Briant,/titanic-victim/albert-briant.html
"Briant, Mr. Arthur",30.0,Engineering Crew,Mr,Arthur,Briant,/titanic-victim/arthur-morris.html
"Brooks, Mr. J.",25.0,Engineering Crew,Mr,J.,Brooks,/titanic-victim/j-brooks.html
"Brown, Mr. Joseph",30.0,Engineering Crew,Mr,Joseph,Brown,/titanic-victim/joseph-james-brown.html
"Brown, Mr. John",28.0,Engineering Crew,Mr,John,Brown,/titanic-victim/john-brown.html
"Burroughs, Mr. Arthur Peckham",34.0,Engineering Crew,Mr,Arthur Peckham,Burroughs,/titanic-victim/arthur-burroughs.html
"Burton, Mr. Edward John",35.0,Engineering Crew,Mr,Edward John,Burton,/titanic-victim/edward-john-burton.html
"Butt, Mr. William John",30.0,Engineering Crew,Mr,William John,Butt,/titanic-victim/william-john-butt.html
"Calderwood, Mr. Hugh",33.0,Engineering Crew,Mr,Hugh,Calderwood,/titanic-victim/hugh-calderwood.html
"Canner, Mr. John",40.0,Engineering Crew,Mr,John,Canner,/titanic-victim/j-canner.html
"Carr, Mr. Richard Stephen",27.0,Engineering Crew,Mr,Richard Stephen,Carr,/titanic-victim/richard-stephen-carr.html
"Carter, Mr. James",46.0,Engineering Crew,Mr,James,Carter,/titanic-victim/james-carter-ball.html
"Casey, Mr. Thomas",44.0,Engineering Crew,Mr,Thomas,Casey,/titanic-victim/t-casey.html
"Castleman, Mr. Edward",37.0,Engineering Crew,Mr,Edward,Castleman,/titanic-victim/edward-castleman.html
"Cavell, Mr. George Henry",22.0,Engineering Crew,Mr,George Henry,Cavell,/titanic-survivor/george-henry-cavell.html
"Cherrett, Mr. William Victor",24.0,Engineering Crew,Mr,William Victor,Cherrett,/titanic-victim/william-victor-cherrett.html
"Chisnall, Mr. George Alexander",36.0,Engineering Crew,Mr,George Alexander,Chisnall,/titanic-victim/george-alexander-chisnall.html
"Chorley, Mr. John Henry",25.0,Engineering Crew,Mr,John Henry,Chorley,/titanic-victim/john-chorley.html
"Clark, Mr. William",40.0,Engineering Crew,Mr,William,Clark,/titanic-survivor/william-clark.html
"Coe, Mr. Harry",21.0,Engineering Crew,Mr,Harry,Coe,/titanic-victim/harry-coe.html
"Coleman, Mr. John",57.0,Engineering Crew,Mr,John,Coleman,/titanic-victim/john-coleman.html
"Collins, Mr. John",38.0,Engineering Crew,Mr,John,Collins,/titanic-survivor/john-samuel-collins.html
"Combes, Mr. George",34.0,Engineering Crew,Mr,George,Combes,/titanic-survivor/george-combes.html
"Cooper, Mr. H.",25.0,Engineering Crew,Mr,H.,Cooper,/titanic-victim/h-cooper-fireman.html
"Cooper, Mr. James Edward",26.0,Engineering Crew,Mr,James Edward,Cooper,/titanic-victim/james-cooper-trimmer.html
"Copperthwaite, Mr. Albert Harry",28.0,Engineering Crew,Mr,Albert Harry,Copperthwaite,/titanic-victim/bert-copperthwaite.html
"Corcoran, Mr. Dennis",33.0,Engineering Crew,Mr,Dennis,Corcoran,/titanic-victim/denny-corcoran.html
"Cotton, Mr. Alfred",35.0,Engineering Crew,Mr,Alfred,Cotton,/titanic-victim/a-cotton.html
"Couch, Mr. Joseph Henry",49.0,Engineering Crew,Mr,Joseph Henry,Couch,/titanic-victim/joseph-henry-couch.html
"Couper, Mr. Robert Frederick William",30.0,Engineering Crew,Mr,Robert Frederick William,Couper,/titanic-survivor/robert-couper.html
"Coy, Mr. Francis Ernest George",27.0,Engineering Crew,Mr,Francis Ernest George,Coy,/titanic-victim/francis-ernest-george-coy.html
"Crabb, Mr. Henry James",23.0,Engineering Crew,Mr,Henry James,Crabb,/titanic-victim/h-crabb.html
"Creese, Mr. Henry Philip",45.0,Engineering Crew,Mr,Henry Philip,Creese,/titanic-victim/henry-philip-creese.html
"Crimmins, Mr. James",21.0,Engineering Crew,Mr,James,Crimmins,/titanic-survivor/james-crimmins.html
"Cross, Mr. William Alfred",44.0,Engineering Crew,Mr,William Alfred,Cross,/titanic-victim/w-cross.html
"Cunningham, Mr. Bernard",35.0,Engineering Crew,Mr,Bernard,Cunningham,/titanic-victim/b-cunningham.html
"Curtis, Mr. Arthur",26.0,Engineering Crew,Mr,Arthur,Curtis,/titanic-victim/arthur-curtis.html
"Davies, Mr. Thomas",33.0,Engineering Crew,Mr,Thomas,Davies,/titanic-victim/thomas-davies.html
"Dawson, Mr. Joseph",23.0,Engineering Crew,Mr,Joseph,Dawson,/titanic-victim/joseph-dawson.html
"Diaper, Mr. John Joseph",27.0,Engineering Crew,Mr,John Joseph,Diaper,/titanic-survivor/j-diaper.html
"Dickson, Mr. William",37.0,Engineering Crew,Mr,William,Dickson,/titanic-victim/william-dickson.html
"Dillon, Mr. Thomas Patrick",33.0,Engineering Crew,Mr,Thomas Patrick,Dillon,/titanic-survivor/thomas-patrick-dillon.html
"Dodd, Mr. Edward Charles",39.0,Engineering Crew,Mr,Edward Charles,Dodd,/titanic-victim/edward-charles-dodd.html
"Dodds, Mr. Henry Watson",26.0,Engineering Crew,Mr,Henry Watson,Dodds,/titanic-victim/henry-watson-dodds.html
"Doel, Mr. Frederick",22.0,Engineering Crew,Mr,Frederick,Doel,/titanic-survivor/frederick-doel.html
"Dore, Mr. Albert James",22.0,Engineering Crew,Mr,Albert James,Dore,/titanic-survivor/a-dore.html
"Doyle, Mr. Laurence",27.0,Engineering Crew,Mr,Laurence,Doyle,/titanic-victim/laurence-doyle.html
"Duffy, Mr. William Luke",36.0,Engineering Crew,Mr,William Luke,Duffy,/titanic-victim/william-luke-duffy.html
"Dyer, Mr. Henry Ryland",24.0,Engineering Crew,Mr,Henry Ryland,Dyer,/titanic-victim/henry-ryland-dyer.html
"Dymond, Mr. Frank",36.0,Engineering Crew,Mr,Frank,Dymond,/titanic-survivor/frank-dymond.html
"Eagle, Mr. Alfred James Jacob",27.0,Engineering Crew,Mr,Alfred James Jacob,Eagle,/titanic-victim/a-eagle.html
"Eastman, Mr. Charles",44.0,Engineering Crew,Mr,Charles,Eastman,/titanic-victim/charles-eastman.html
"Elliott, Mr. Everett Edward",23.0,Engineering Crew,Mr,Everett Edward,Elliott,/titanic-victim/everett-edward-elliott.html
"Ervine, Mr. Albert George",18.0,Engineering Crew,Mr,Albert George,Ervine,/titanic-victim/albert-george-ervine.html
"Evans, Mr. William Thomas",33.0,Engineering Crew,Mr,William Thomas,Evans,/titanic-victim/william-evans.html
"Farquharson, Mr. William Edward",39.0,Engineering Crew,Mr,William Edward,Farquharson,/titanic-victim/william-edward-farquharson.html
"Fay, Mr. Thomas Joseph",30.0,Engineering Crew,Mr,Thomas Joseph,Fay,/titanic-victim/thomas-joseph-fay.html
"Ferrary, Mr. Antonio",33.0,Engineering Crew,Mr,Antonio,Ferrary,/titanic-victim/anton-ferrary.html
"Ferris, Mr. William",39.0,Engineering Crew,Mr,William,Ferris,/titanic-victim/w-ferris.html
"Fitzpatrick, Mr. Hugh Joseph",29.0,Engineering Crew,Mr,Hugh Joseph,Fitzpatrick,/titanic-victim/hugh-fitzpatrick.html
"Fitzpatrick, Mr. Cecil William",21.0,Engineering Crew,Mr,Cecil William,Fitzpatrick,/titanic-survivor/cecil-william-fitzpatrick.html
"Flaherty, Mr. Edward",52.0,Engineering Crew,Mr,Edward,Flaherty,/titanic-survivor/edward-flarty.html
"Ford, Mr. H.",22.0,Engineering Crew,Mr,H.,Ford,/titanic-victim/h-ford.html
"Ford, Mr. Thomas",33.0,Engineering Crew,Mr,Thomas,Ford,/titanic-victim/thomas-ford.html
"Foster, Mr. Alfred Charles",37.0,Engineering Crew,Mr,Alfred Charles,Foster,/titanic-victim/alfred-charles-foster.html
"Fraser, Mr. J.",30.0,Engineering Crew,Mr,J.,Fraser,/titanic-victim/j-fraser.html
"Fraser, Mr. James",30.0,Engineering Crew,Mr,James,Fraser,/titanic-victim/james-fraser.html
"Fredericks, Mr. Walter Francis",21.0,Engineering Crew,Mr,Walter Francis,Fredericks,/titanic-survivor/w-fredericks.html
"Fryer, Mr. Albert Ernest",29.0,Engineering Crew,Mr,Albert Ernest,Fryer,/titanic-survivor/albert-ernest-fryer.html
"Geer, Mr. Alfred Emest",26.0,Engineering Crew,Mr,Alfred Emest,Geer,/titanic-victim/alfred-emest-geer.html
"Godley, Mr. George Auguste",38.0,Engineering Crew,Mr,George Auguste,Godley,/titanic-survivor/george-godley.html
"Godwin, Mr. Frederick Charles",36.0,Engineering Crew,Mr,Frederick Charles,Godwin,/titanic-victim/frederick-charles-godwin.html
"Golder, Mr. Martin William",35.0,Engineering Crew,Mr,Martin William,Golder,/titanic-victim/m-golder.html
"Gordon, Mr. John",30.0,Engineering Crew,Mr,John,Gordon,/titanic-victim/j-gordon.html
"Goree, Mr. Frank",40.0,Engineering Crew,Mr,Frank,Goree,/titanic-victim/frank-goree.html
"Gosling, Mr. Bertram James",22.0,Engineering Crew,Mr,Bertram James,Gosling,/titanic-victim/bertram-james-gosling.html
"Gosling, Mr. Frank Henry",25.0,Engineering Crew,Mr,Frank Henry,Gosling,/titanic-victim/s-gosling.html
"Gradidge, Mr. Ernest Edward",22.0,Engineering Crew,Mr,Ernest Edward,Gradidge,/titanic-victim/ernest-edward-gradidge.html
"Graham, Mr. Thomas Gibson",28.0,Engineering Crew,Mr,Thomas Gibson,Graham,/titanic-survivor/thomas-graham.html
"Green, Mr. George",20.0,Engineering Crew,Mr,George,Green,/titanic-victim/george-green.html
"Gregory, Mr. David",43.0,Engineering Crew,Mr,David,Gregory,/titanic-victim/david-gregory.html
"Gumery, Mr. George",24.0,Engineering Crew,Mr,George,Gumery,/titanic-victim/george-gumery.html
"Haggan, Mr. John",35.0,Engineering Crew,Mr,John,Haggan,/titanic-survivor/john-haggan.html
"Hall, Mr. J.",32.0,Engineering Crew,Mr,J.,Hall,/titanic-victim/j-hall.html
"Hallett, Mr. George Alexander",23.0,Engineering Crew,Mr,George Alexander,Hallett,/titanic-victim/george-hallett.html
"Hands, Mr. Bernard",54.0,Engineering Crew,Mr,Bernard,Hands,/titanic-victim/bernard-hands.html
"Hannam, Mr. George",30.0,Engineering Crew,Mr,George,Hannam,/titanic-victim/george-hannam.html
"Harris, Mr. Edward John",29.0,Engineering Crew,Mr,Edward John,Harris,/titanic-victim/edward-harris.html
"Harris, Mr. Fred",39.0,Engineering Crew,Mr,Fred,Harris,/titanic-survivor/fred-harris.html
"Harris, Mr. Amos",24.0,Engineering Crew,Mr,Amos,Harris,/titanic-victim/amos-harris.html
"Harrison, Mr. Norman E.",38.0,Engineering Crew,Mr,Norman E.,Harrison,/titanic-victim/norman-harrison.html
"Hart, Mr. James",54.0,Engineering Crew,Mr,James,Hart,/titanic-victim/thomas-hart.html
"Harvey, Mr. Herbert Gifford",34.0,Engineering Crew,Mr,Herbert Gifford,Harvey,/titanic-victim/herbert-gifford-harvey.html
"Head, Mr. Alfred",24.0,Engineering Crew,Mr,Alfred,Head,/titanic-victim/a-head.html
"Hebb, Mr. William Albert Thomas",22.0,Engineering Crew,Mr,William Albert Thomas,Hebb,/titanic-survivor/a-hebb.html
"Hendrickson, Mr. Charles Osker",28.0,Engineering Crew,Mr,Charles Osker,Hendrickson,/titanic-survivor/charles-george-hendrickson.html
"Hesketh, Mr. John Henry",33.0,Engineering Crew,Mr,John Henry,Hesketh,/titanic-victim/john-henry-hesketh.html
"Heslin, Mr. James",51.0,Engineering Crew,Mr,James,Heslin,/titanic-victim/james-haslin.html
"Hill, Mr. James",25.0,Engineering Crew,Mr,James,Hill,/titanic-victim/james-hill.html
"Hinton, Mr. Stephen William",30.0,Engineering Crew,Mr,Stephen William,Hinton,/titanic-victim/stephen-william-hinton.html
"Hodge, Mr. Charley",29.0,Engineering Crew,Mr,Charley,Hodge,/titanic-victim/charles-hodge.html
"Hodges, Mr. W.",26.0,Engineering Crew,Mr,W.,Hodges,/titanic-victim/w-hodges.html
"Hodgkinson, Mr. Leonard",46.0,Engineering Crew,Mr,Leonard,Hodgkinson,/titanic-victim/leonard-hodgkinson.html
"Hopgood, Mr. Roland John C.",29.0,Engineering Crew,Mr,Roland John C.,Hopgood,/titanic-victim/roland-hopgood.html
"Hosgood, Mr. Richard William",22.0,Engineering Crew,Mr,Richard William,Hosgood,/titanic-victim/richard-hosgood.html
"Hosking, Mr. George Fox",36.0,Engineering Crew,Mr,George Fox,Hosking,/titanic-victim/george-fox-hosking.html
"Hunt, Mr. Tom",27.0,Engineering Crew,Mr,Tom,Hunt,/titanic-victim/tom-hunt.html
"Hunt, Mr. Albert Sylvanus",23.0,Engineering Crew,Mr,Albert Sylvanus,Hunt,/titanic-survivor/albert-hunt.html
"Hurst, Mr. Walter",23.0,Engineering Crew,Mr,Walter,Hurst,/titanic-survivor/walter-hurst.html
"Hurst, Mr. Charles John",40.0,Engineering Crew,Mr,Charles John,Hurst,/titanic-victim/charles-john-hurst.html
"Ingram, Mr. George",19.0,Engineering Crew,Mr,George,Ingram,/titanic-victim/charles-ingram.html
"Instance, Mr. Thomas",31.0,Engineering Crew,Mr,Thomas,Instance,/titanic-victim/t-instance.html
"Jackopson, Mr. John Henry",30.0,Engineering Crew,Mr,John Henry,Jackopson,/titanic-victim/john-jacobson.html
"Jago, Mr. Joseph",59.0,Engineering Crew,Mr,Joseph,Jago,/titanic-victim/joseph-jago.html
"James, Mr. Thomas",27.0,Engineering Crew,Mr,Thomas,James,/titanic-victim/thomas-james.html
"Joas, Mr. N.",39.0,Engineering Crew,Mr,N.,Joas,/titanic-victim/n-joas.html
"Judd, Mr. Charles Edward",31.0,Engineering Crew,Mr,Charles Edward,Judd,/titanic-survivor/charles-judd.html
"Jukes, Mr. Henry James",38.0,Engineering Crew,Mr,Henry James,Jukes,/titanic-victim/james-jukes.html
"Jupe, Mr. Boykett Herbert",30.0,Engineering Crew,Mr,Boykett Herbert,Jupe,/titanic-victim/herbert-jupe.html
"Kasper, Mr. F.",40.0,Engineering Crew,Mr,F.,Kasper,/titanic-survivor/f-kasper.html
"Kearl, Mr. Charles Henry",44.0,Engineering Crew,Mr,Charles Henry,Kearl,/titanic-victim/charles-henry-kearl.html
"Kearl, Mr. George Edward",25.0,Engineering Crew,Mr,George Edward,Kearl,/titanic-victim/g-kearl.html
"Keegan, Mr. James",38.0,Engineering Crew,Mr,James,Keegan,/titanic-victim/james-keegan.html
"Kelly, Mr. William Patrick",23.0,Engineering Crew,Mr,William Patrick,Kelly,/titanic-victim/william-kelly.html
"Kelly, Mr. James",44.0,Engineering Crew,Mr,James,Kelly,/titanic-victim/james-kelly-3.html
"Kemish, Mr. George",22.0,Engineering Crew,Mr,George,Kemish,/titanic-survivor/george-kemish.html
"Kemp, Mr. Thomas Hulman",43.0,Engineering Crew,Mr,Thomas Hulman,Kemp,/titanic-victim/thomas-hulman-kemp.html
"Kenzler, Mr. August",44.0,Engineering Crew,Mr,August,Kenzler,/titanic-victim/augustus-kenzler.html
"Kerr, Mr. Thomas Russell",26.0,Engineering Crew,Mr,Thomas Russell,Kerr,/titanic-victim/thomas-kerr.html
"Kinchenten, Mr. Frederick Charles",36.0,Engineering Crew,Mr,Frederick Charles,Kinchenten,/titanic-victim/frederick-kenchenten.html
"Kinsella, Mr. Louis",30.0,Engineering Crew,Mr,Louis,Kinsella,/titanic-victim/louis-kinsella.html
"Kirkham, Mr. James",43.0,Engineering Crew,Mr,James,Kirkham,/titanic-victim/james-kirkham.html
"Knowles, Mr. Thomas",44.0,Engineering Crew,Mr,Thomas,Knowles,/titanic-survivor/thomas-knowles.html
"Lahy, Mr. T.",41.0,Engineering Crew,Mr,T.,Lahy,/titanic-victim/t-lahy.html
"Lee, Mr. Herbert Henry",17.0,Engineering Crew,Mr,Herbert Henry,Lee,/titanic-victim/h-lee.html
"Light, Mr. W.",47.0,Engineering Crew,Mr,W.,Light,/titanic-victim/w-light.html
"Light, Mr. Christopher William",20.0,Engineering Crew,Mr,Christopher William,Light,/titanic-victim/christopher-william-light.html
"Lindsay, Mr. William Charles",30.0,Engineering Crew,Mr,William Charles,Lindsay,/titanic-survivor/william-charles-lindsay.html
"Lloyd, Mr. William",29.0,Engineering Crew,Mr,William,Lloyd,/titanic-victim/william-lloyd.html
"Long, Mr. Frank",31.0,Engineering Crew,Mr,Frank,Long,/titanic-victim/f-long.html
"Long, Mr. William",36.0,Engineering Crew,Mr,William,Long,/titanic-victim/w-long.html
"Mackie, Mr. William Dickson",32.0,Engineering Crew,Mr,William Dickson,Mackie,/titanic-victim/william-dickson-mackie.html
"Major, Mr. William James",32.0,Engineering Crew,Mr,William James,Major,/titanic-survivor/william-james-major.html
"Marett, Mr. George John",26.0,Engineering Crew,Mr,George John,Marett,/titanic-victim/george-john-marett.html
"Marsh, Mr. Frederick Charles",39.0,Engineering Crew,Mr,Frederick Charles,Marsh,/titanic-victim/frederick-charles-marsh.html
"Maskell, Mr. Leopold Adolphus",25.0,Engineering Crew,Mr,Leopold Adolphus,Maskell,/titanic-victim/leopold-adolphus-maskell.html
"Mason, Mr. Frank Archibald Robert",32.0,Engineering Crew,Mr,Frank Archibald Robert,Mason,/titanic-survivor/frank-archibald-robert-mason.html
"Mason, Mr. J.",39.0,Engineering Crew,Mr,J.,Mason,/titanic-victim/j-mason.html
"May, Mr. Arthur William",22.0,Engineering Crew,Mr,Arthur William,May,/titanic-victim/arthur-may.html
"May, Mr. Arthur William",59.0,Engineering Crew,Mr,Arthur William,May,/titanic-victim/arthur-william-may.html
"Mayo, Mr. William Peter",28.0,Engineering Crew,Mr,William Peter,Mayo,/titanic-victim/william-peter-mayo.html
"Mayzes, Mr. Thomas Jubilee",25.0,Engineering Crew,Mr,Thomas Jubilee,Mayzes,/titanic-survivor/thomas-mayzes.html
"McAndrew, Mr. Thomas Patrick",38.0,Engineering Crew,Mr,Thomas Patrick,McAndrew,/titanic-victim/thomas-mcandrew.html
"McAndrews, Mr. William",23.0,Engineering Crew,Mr,William,McAndrews,/titanic-victim/william-mcandrews.html
"McCastlin, Mr. William",28.0,Engineering Crew,Mr,William,McCastlin,/titanic-victim/w-mccastlin.html
"McGann, Mr. James",29.0,Engineering Crew,Mr,James,McGann,/titanic-survivor/james-mcgann.html
"McGarvey, Mr. Edward Joseph",34.0,Engineering Crew,Mr,Edward Joseph,McGarvey,/titanic-victim/edward-joseph-mcgarvey.html
"McGaw, Mr. Erroll Victor",30.0,Engineering Crew,Mr,Erroll Victor,McGaw,/titanic-victim/eroll-mcgaw.html
"McInerney, Mr. Thomas",38.0,Engineering Crew,Mr,Thomas,McInerney,/titanic-victim/thomas-mcinerney.html
"McIntyre, Mr. William",21.0,Engineering Crew,Mr,William,McIntyre,/titanic-survivor/william-mcintyre.html
"McQuillan, Mr. William",26.0,Engineering Crew,Mr,William,McQuillan,/titanic-victim/william-mcquillan.html
"McRae, Mr. William Alexander",32.0,Engineering Crew,Mr,William Alexander,McRae,/titanic-victim/william-alexander-mcrae.html
"McReynolds, Mr. William Thomas Carson",22.0,Engineering Crew,Mr,William Thomas Carson,McReynolds,/titanic-victim/william-mcreynolds.html
"Middleton, Mr. Alfred Pirrie",27.0,Engineering Crew,Mr,Alfred Pirrie,Middleton,/titanic-victim/alfred-pirrie-middleton.html
"Milford, Mr. George",28.0,Engineering Crew,Mr,George,Milford,/titanic-victim/george-milford.html
"Millar, Mr. Robert",26.0,Engineering Crew,Mr,Robert,Millar,/titanic-victim/robert-millar.html
"Millar, Mr. Thomas",32.0,Engineering Crew,Mr,Thomas,Millar,/titanic-victim/thomas-millar.html
"Mintram, Mr. William",46.0,Engineering Crew,Mr,William,Mintram,/titanic-victim/william-mintram.html
"Mitchell, Mr. Lorenzo Horace",19.0,Engineering Crew,Mr,Lorenzo Horace,Mitchell,/titanic-victim/lawrence-mitchell.html
"Moore, Mr. Ralph",22.0,Engineering Crew,Mr,Ralph,Moore,/titanic-victim/ralph-moore.html
"Moore, Mr. J.",29.0,Engineering Crew,Mr,J.,Moore,/titanic-survivor/j-moore.html
"Moores, Mr. Richard Henry",44.0,Engineering Crew,Mr,Richard Henry,Moores,/titanic-victim/richard-henry-moores.html
"Morgan, Mr. Arthur Herbert",27.0,Engineering Crew,Mr,Arthur Herbert,Morgan,/titanic-victim/arthur-herbert-morgan.html
"Morgan, Mr. Thomas A.",26.0,Engineering Crew,Mr,Thomas A.,Morgan,/titanic-victim/thomas-morgan.html
"Morris, Mr. William Edward",23.0,Engineering Crew,Mr,William Edward,Morris,/titanic-victim/william-edward-morris.html
"Moyes, Mr. William Young",24.0,Engineering Crew,Mr,William Young,Moyes,/titanic-victim/william-young-moyes.html
"Murdock, Mr. William John",37.0,Engineering Crew,Mr,William John,Murdock,/titanic-biography/william-murdock.html
"Nettleton, Mr. George Walter",30.0,Engineering Crew,Mr,George Walter,Nettleton,/titanic-victim/george-nettleton.html
"Newman, Mr. Charles Thomas",32.0,Engineering Crew,Mr,Charles Thomas,Newman,/titanic-victim/charles-thomas-newman.html
"Niven, Mr. John Brown",30.0,Engineering Crew,Mr,John Brown,Niven,/titanic-victim/j-mcgregor.html
"Noon, Mr. John Thomas",42.0,Engineering Crew,Mr,John Thomas,Noon,/titanic-victim/john-noon.html
"Norris, Mr. James",22.0,Engineering Crew,Mr,James,Norris,/titanic-victim/j-norris.html
"Noss, Mr. Henry",30.0,Engineering Crew,Mr,Henry,Noss,/titanic-survivor/henry-noss.html
"Noss, Mr. Bertram Arthur",20.0,Engineering Crew,Mr,Bertram Arthur,Noss,/titanic-victim/bertram-arthur-noss.html
"Nutbean, Mr. William",30.0,Engineering Crew,Mr,William,Nutbean,/titanic-survivor/william-nutbean.html
"O'Connor, Mr. John",29.0,Engineering Crew,Mr,John,O'Connor,/titanic-survivor/john-oconnor.html
"Olive, Mr. Charles",31.0,Engineering Crew,Mr,Charles,Olive,/titanic-victim/charles-olive.html
"Oliver, Mr. Harry",41.0,Engineering Crew,Mr,Harry,Oliver,/titanic-survivor/harry-oliver.html
"Othen, Mr. Charles Alfred",36.0,Engineering Crew,Mr,Charles Alfred,Othen,/titanic-survivor/charles-othen.html
"Paice, Mr. Richard Charles John",32.0,Engineering Crew,Mr,Richard Charles John,Paice,/titanic-victim/richard-charles-john-paice.html
"Painter, Mr. Charles",32.0,Engineering Crew,Mr,Charles,Painter,/titanic-victim/charles-painter.html
"Painter, Mr. Frank",29.0,Engineering Crew,Mr,Frank,Painter,/titanic-victim/frank-painter.html
"Palles, Mr. Thomas Henry Michael",45.0,Engineering Crew,Mr,Thomas Henry Michael,Palles,/titanic-victim/thomas-palles.html
"Parsons, Mr. Frank Alfred",26.0,Engineering Crew,Mr,Frank Alfred,Parsons,/titanic-victim/frank-alfred-parsons.html
"Pearce, Mr. John",33.0,Engineering Crew,Mr,John,Pearce,/titanic-survivor/john-pearce.html
"Pelham, Mr. George",39.0,Engineering Crew,Mr,George,Pelham,/titanic-survivor/george-pelham.html
"Perry, Mr. Edgar Lionel",19.0,Engineering Crew,Mr,Edgar Lionel,Perry,/titanic-survivor/edgar-lionel-perry.html
"Perry, Mr. Henry Frederick",23.0,Engineering Crew,Mr,Henry Frederick,Perry,/titanic-victim/henry-perry.html
"Phillips, Mr. George",27.0,Engineering Crew,Mr,George,Phillips,/titanic-victim/george-phillips.html
"Pitfield, Mr. William James",25.0,Engineering Crew,Mr,William James,Pitfield,/titanic-victim/william-james-pitfield.html
"Podesta, Mr. Alfred John Alexander",24.0,Engineering Crew,Mr,Alfred John Alexander,Podesta,/titanic-survivor/john-alexander-podesta.html
"Pond, Mr. George",32.0,Engineering Crew,Mr,George,Pond,/titanic-victim/george-pond.html
"Prangnell, Mr. George Alexander",30.0,Engineering Crew,Mr,George Alexander,Prangnell,/titanic-survivor/george-alexander-prangnell.html
"Preston, Mr. Thomas Charles Alfred",20.0,Engineering Crew,Mr,Thomas Charles Alfred,Preston,/titanic-victim/thomas-charles-alfred-preston.html
"Priest, Mr. Arthur John",24.0,Engineering Crew,Mr,Arthur John,Priest,/titanic-survivor/arthur-john-priest.html
"Proudfoot, Mr. Richard Royston",21.0,Engineering Crew,Mr,Richard Royston,Proudfoot,/titanic-victim/richard-proudfoot.html
"Pugh, Mr. Arthur Percy",31.0,Engineering Crew,Mr,Arthur Percy,Pugh,/titanic-victim/percy-pugh.html
"Pusey, Mr. William Robert Holland",22.0,Engineering Crew,Mr,William Robert Holland,Pusey,/titanic-survivor/robert-william-pusey.html
"Ranger, Mr. Thomas",29.0,Engineering Crew,Mr,Thomas,Ranger,/titanic-survivor/thomas-ranger.html
"Read, Mr. Joseph",20.0,Engineering Crew,Mr,Joseph,Read,/titanic-victim/j-read.html
"Reeves, Mr. Frederick Simms",34.0,Engineering Crew,Mr,Frederick Simms,Reeves,/titanic-victim/frederick-simms-reeves.html
"Reid, Mr. Robert Thomas",31.0,Engineering Crew,Mr,Robert Thomas,Reid,/titanic-victim/robert-read.html
"Rentowl, Mr. Philip Charles Thomas",26.0,Engineering Crew,Mr,Philip Charles Thomas,Rentowl,/titanic-victim/s-sullivan.html
"Rice, Mr. Charles John",32.0,Engineering Crew,Mr,Charles John,Rice,/titanic-survivor/charles-rice.html
"Richards, Mr. Joseph James",30.0,Engineering Crew,Mr,Joseph James,Richards,/titanic-victim/joseph-james-richards.html
"Rickman, Mr. George Albert",36.0,Engineering Crew,Mr,George Albert,Rickman,/titanic-victim/george-albert-rickman.html
"Roberts, Mr. Robert George",35.0,Engineering Crew,Mr,Robert George,Roberts,/titanic-victim/robert-george-roberts.html
"Rous, Mr. Arthur John",26.0,Engineering Crew,Mr,Arthur John,Rous,/titanic-victim/arthur-rous.html
"Rudd, Mr. Henry",24.0,Engineering Crew,Mr,Henry,Rudd,/titanic-victim/henry-rudd.html
"Rutter, Mr. Sidney Frank",26.0,Engineering Crew,Mr,Sidney Frank,Rutter,/titanic-victim/sidney-frank-rutter-graves.html
"Sangster, Mr. Charles Edward",30.0,Engineering Crew,Mr,Charles Edward,Sangster,/titanic-victim/charles-sangster.html
"Saunders, Mr. William Henry",31.0,Engineering Crew,Mr,William Henry,Saunders,/titanic-victim/w-saunders.html
"Saunders, Mr. Walter Ernest",25.0,Engineering Crew,Mr,Walter Ernest,Saunders,/titanic-victim/walter-ernest-saunders.html
"Saunders, Mr. F.",22.0,Engineering Crew,Mr,F.,Saunders,/titanic-victim/f-saunders.html
"Scott, Mr. Archibald",42.0,Engineering Crew,Mr,Archibald,Scott,/titanic-victim/archibald-scott.html
"Scott, Mr. Frederick William",28.0,Engineering Crew,Mr,Frederick William,Scott,/titanic-survivor/frederick-william-scott.html
"Self, Mr. Albert Charles Edward",24.0,Engineering Crew,Mr,Albert Charles Edward,Self,/titanic-survivor/edward-self.html
"Self, Mr. Alfred Henry",39.0,Engineering Crew,Mr,Alfred Henry,Self,/titanic-victim/alfred-henry-self.html
"Senior, Mr. Harry",31.0,Engineering Crew,Mr,Harry,Senior,/titanic-survivor/harry-senior.html
"Shea, Mr. Thomas",32.0,Engineering Crew,Mr,Thomas,Shea,/titanic-victim/thomas-shea.html
"Sheath, Mr. Frederick",20.0,Engineering Crew,Mr,Frederick,Sheath,/titanic-survivor/frederick-sheath.html
"Shepherd, Mr. Jonathan",32.0,Engineering Crew,Mr,Jonathan,Shepherd,/titanic-victim/jonathan-shepherd.html
"Shiers, Mr. Alfred Charles",25.0,Engineering Crew,Mr,Alfred Charles,Shiers,/titanic-survivor/alfred-charles-shiers.html
"Shillabeer, Mr. Charles Frederick",19.0,Engineering Crew,Mr,Charles Frederick,Shillabeer,/titanic-victim/charles-frederick-shillabeer.html
"Shulver, Mr. Christopher Arthur",28.0,Engineering Crew,Mr,Christopher Arthur,Shulver,/titanic-survivor/john-dilley.html
"Skeates, Mr. William",23.0,Engineering Crew,Mr,William,Skeates,/titanic-victim/william-skeates.html
"Sloan, Mr. Peter",31.0,Engineering Crew,Mr,Peter,Sloan,/titanic-victim/peter-sloan.html
"Small, Mr. William McMillan",42.0,Engineering Crew,Mr,William McMillan,Small,/titanic-victim/william-small.html
"Smith, Mr. James Muil",39.0,Engineering Crew,Mr,James Muil,Smith,/titanic-victim/james-smith.html
"Smith, Mr. Ernest George",27.0,Engineering Crew,Mr,Ernest George,Smith,/titanic-victim/ernest-george-smith.html
"Smither, Mr. Harry James",22.0,Engineering Crew,Mr,Harry James,Smither,/titanic-victim/harry-james-smither.html
"Snellgrove, Mr. George",41.0,Engineering Crew,Mr,George,Snellgrove,/titanic-victim/g-snellgrove.html
"Snook, Mr. William Henry",25.0,Engineering Crew,Mr,William Henry,Snook,/titanic-victim/w-snooks.html
"Snow, Mr. Eustace Philip",21.0,Engineering Crew,Mr,Eustace Philip,Snow,/titanic-survivor/eustace-philip-snow.html
"Sparkman, Mr. Henry William",36.0,Engineering Crew,Mr,Henry William,Sparkman,/titanic-survivor/henry-william-sparkman.html
"Stanbrook, Mr.  Augustus George",31.0,Engineering Crew,Mr, Augustus George,Stanbrook,/titanic-victim/augustus-stanbrook.html
"Steel, Mr. Robert Edward",30.0,Engineering Crew,Mr,Robert Edward,Steel,/titanic-victim/robert-edward-steel.html
"Stocker, Mr. Henry Dorey",20.0,Engineering Crew,Mr,Henry Dorey,Stocker,/titanic-victim/henry-dorey-stocker.html
"Street, Mr. Thomas Albert",25.0,Engineering Crew,Mr,Thomas Albert,Street,/titanic-survivor/thomas-albert-street.html
"Stubbs, Mr. James Henry",28.0,Engineering Crew,Mr,James Henry,Stubbs,/titanic-victim/james-henry-stubbs.html
"Taylor, Mr. George",23.0,Engineering Crew,Mr,George,Taylor,/titanic-survivor/james-taylor.html
"Taylor, Mr. John Henry",49.0,Engineering Crew,Mr,John Henry,Taylor,/titanic-victim/john-taylor.html
"Taylor, Mr. J.",42.0,Engineering Crew,Mr,J.,Taylor,/titanic-victim/j-taylor.html
"Taylor, Mr. William Henry",28.0,Engineering Crew,Mr,William Henry,Taylor,/titanic-survivor/william-henry-taylor.html
"Thomas, Mr. Joseph Wakefield",23.0,Engineering Crew,Mr,Joseph Wakefield,Thomas,/titanic-victim/joseph-thomas.html
"Thompson, Mr. John William",36.0,Engineering Crew,Mr,John William,Thompson,/titanic-survivor/john-william-thompson.html
"Threlfall, Mr. Thomas",44.0,Engineering Crew,Mr,Thomas,Threlfall,/titanic-survivor/thomas-threlfall.html
"Thresher, Mr. George Terrill",25.0,Engineering Crew,Mr,George Terrill,Thresher,/titanic-survivor/george-terrill-thresher.html
"Tizard, Mr. Arthur Leopold",31.0,Engineering Crew,Mr,Arthur Leopold,Tizard,/titanic-victim/arthur-tizard.html
"Tozer, Mr. James",32.0,Engineering Crew,Mr,James,Tozer,/titanic-victim/james-tozer.html
"Triggs, Mr. Robert",41.0,Engineering Crew,Mr,Robert,Triggs,/titanic-survivor/robert-triggs.html
"Turley, Mr. Richard",37.0,Engineering Crew,Mr,Richard,Turley,/titanic-victim/richard-turley.html
"van der Brugge, Mr. Wessel Adrianus",38.0,Engineering Crew,Mr,Wessel Adrianus,van der Brugge,/titanic-victim/wessel-adrianus-van-der-brugge.html
"Veal, Mr. Arthur",36.0,Engineering Crew,Mr,Arthur,Veal,/titanic-victim/arthur-veal.html
"Vear, Mr. Henry",33.0,Engineering Crew,Mr,Henry,Vear,/titanic-victim/h-vear.html
"Vear, Mr. William",34.0,Engineering Crew,Mr,William,Vear,/titanic-victim/william-vear.html
"Ward, Mr. Arthur",23.0,Engineering Crew,Mr,Arthur,Ward,/titanic-victim/arthur-ward.html
"Ward, Mr. James William",31.0,Engineering Crew,Mr,James William,Ward,/titanic-victim/j-ward.html
"Wardner, Mr. Fred Albert",40.0,Engineering Crew,Mr,Fred Albert,Wardner,/titanic-victim/albert-wardner.html
"Wateridge, Mr. Edward Lewis",26.0,Engineering Crew,Mr,Edward Lewis,Wateridge,/titanic-victim/edward-lewis-wateridge.html
"Watson, Mr. William",27.0,Engineering Crew,Mr,William,Watson,/titanic-victim/william-watson.html
"Webb, Mr. Samuel Francis",28.0,Engineering Crew,Mr,Samuel Francis,Webb,/titanic-victim/s-webb.html
"Webber, Mr. Francis Albert",30.0,Engineering Crew,Mr,Francis Albert,Webber,/titanic-victim/francis-albert-webber.html
"White, Mr. Frank Leonard",27.0,Engineering Crew,Mr,Frank Leonard,White,/titanic-victim/frank-leonard-white.html
"White, Mr. William George",23.0,Engineering Crew,Mr,William George,White,/titanic-survivor/william-george-white.html
"White, Mr. Alfred",32.0,Engineering Crew,Mr,Alfred,White,/titanic-survivor/alfred-white.html
"White, Mr. Albert",17.0,Engineering Crew,Mr,Albert,White,/titanic-victim/r-morell.html
"Williams, Mr. Samuel Solomon",28.0,Engineering Crew,Mr,Samuel Solomon,Williams,/titanic-victim/samuel-williams.html
"Wilson, Mr. Herbert 'Bertie'",28.0,Engineering Crew,Mr,Herbert 'Bertie',Wilson,/titanic-victim/bertie-wilson.html
"Wilton, Mr. William Edward",53.0,Engineering Crew,Mr,William Edward,Wilton,/titanic-victim/william-wilton.html
"Witcher, Mr. Albert Ernest",39.0,Engineering Crew,Mr,Albert Ernest,Witcher,/titanic-victim/albert-ernest-witcher.html
"Witt, Mr. Henry Dennis",37.0,Engineering Crew,Mr,Henry Dennis,Witt,/titanic-victim/henry-dennis-witt.html
"Witts, Mr. William Francis",35.0,Engineering Crew,Mr,William Francis,Witts,/titanic-victim/frank-witts.html
"Wood, Mr. Henry",31.0,Engineering Crew,Mr,Henry,Wood,/titanic-victim/henry-wood.html
"Woodford, Mr. Frederick Ernest",40.0,Engineering Crew,Mr,Frederick Ernest,Woodford,/titanic-victim/frederick-woodford.html
"Worthman, Mr. William Henry",37.0,Engineering Crew,Mr,William Henry,Worthman,/titanic-victim/walter-jarvis.html
"Wyeth, Mr. James Robert",25.0,Engineering Crew,Mr,James Robert,Wyeth,/titanic-victim/james-wyeth.html
"Young, Mr. Francis James",32.0,Engineering Crew,Mr,Francis James,Young,/titanic-victim/francis-james-young.html
