Forename,Surname,Name (Display as),Name (List as),Party,Constituency,Address1,Address2,Postcode,Email
Diane,Abbott,Ms Diane Abbott,"Abbott, Ms Diane",Labour,Hackney North and Stoke Newington,House of Commons,London,SW1A 0AA,diane.abbott.office@parliament.uk
Deborah,Abrahams,Debbie Abrahams,"Abrahams, Debbie",Labour,Oldham East and Saddleworth,House of Commons,London,SW1A 0AA,abrahamsd@parliament.uk
Nigel,Adams,Nigel Adams,"Adams, Nigel",Conservative,Selby and Ainsty,House of Commons,London,SW1A 0AA,nigel.adams.mp@parliament.uk
Abimbola,Afolami,Bim Afolami,"Afolami, Bim",Conservative,Hitchin and Harpenden,House of Commons,London,SW1A 0AA,bim.afolami.mp@parliament.uk
Adam,Afriyie,Adam Afriyie,"Afriyie, Adam",Conservative,Windsor,House of Commons,London,SW1A 0AA,adam.afriyie.mp@parliament.uk
Imran,Ahmad Khan,Imran Ahmad Khan,"Ahmad Khan, Imran",Conservative,Wakefield,House of Commons,London,SW1A 0AA,imran.mp@parliament.uk
Nicola,Aiken,Nickie Aiken,"Aiken, Nickie",Conservative,Cities of London and Westminster,House of Commons,London,SW1A 0AA,nickie.aiken.mp@parliament.uk
Peter,Aldous,Peter Aldous,"Aldous, Peter",Conservative,Waveney,House of Commons,London,SW1A 0AA,peter.aldous.mp@parliament.uk
Rushanara,Ali,Rushanara Ali,"Ali, Rushanara",Labour,Bethnal Green and Bow,House of Commons,London,SW1A 0AA,rushanara.ali.mp@parliament.uk
Tahir,Ali,Tahir Ali,"Ali, Tahir",Labour,"Birmingham, Hall Green",House of Commons,London,SW1A 0AA,tahir.ali.mp@parliament.uk
Lucy,Allan,Lucy Allan,"Allan, Lucy",Conservative,Telford,House of Commons,London,SW1A 0AA,lucy.allan.mp@parliament.uk
Rosena,Allin-Khan,Dr Rosena Allin-Khan,"Allin-Khan, Dr Rosena",Labour,Tooting,House of Commons,London,SW1A 0AA,rosena.allinkhan.mp@parliament.uk
Michael,Amesbury,Mike Amesbury,"Amesbury, Mike",Labour,Weaver Vale,House of Commons,London,SW1A 0AA,mike.amesbury.mp@parliament.uk
David,Amess,Sir David Amess,"Amess, Sir David",Conservative,Southend West,House of Commons,London,SW1A 0AA,amessd@parliament.uk
Fleur,Anderson,Fleur Anderson,"Anderson, Fleur",Labour,Putney,House of Commons,London,SW1A 0AA,fleur.anderson.mp@parliament.uk
Lee,Anderson,Lee Anderson,"Anderson, Lee",Conservative,Ashfield,House of Commons,London,SW1A 0AA,lee.anderson.mp@parliament.uk
Stuart,Anderson,Stuart Anderson,"Anderson, Stuart",Conservative,Wolverhampton South West,House of Commons,London,SW1A 0AA,stuart.anderson.mp@parliament.uk
Stuart,Andrew,Stuart Andrew,"Andrew, Stuart",Conservative,Pudsey,House of Commons,London,SW1A 0AA,stuart.andrew.mp@parliament.uk
Caroline,Ansell,Caroline Ansell,"Ansell, Caroline",Conservative,Eastbourne,House of Commons,London,SW1A 0AA,caroline.ansell.mp@parliament.uk
Antonia,Antoniazzi,Tonia Antoniazzi,"Antoniazzi, Tonia",Labour,Gower,House of Commons,London,SW1A 0AA,tonia.antoniazzi.mp@parliament.uk
Edward,Argar,Edward Argar,"Argar, Edward",Conservative,Charnwood,House of Commons,London,SW1A 0AA,edward.argar.mp@parliament.uk
Jonathan,Ashworth,Jonathan Ashworth,"Ashworth, Jonathan",Labour,Leicester South,House of Commons,London,SW1A 0AA,jon.ashworth.mp@parliament.uk
Sarah,Atherton,Sarah Atherton,"Atherton, Sarah",Conservative,Wrexham,House of Commons,London,SW1A 0AA,sarah.atherton.mp@parliament.uk
Victoria,Atkins,Victoria Atkins,"Atkins, Victoria",Conservative,Louth and Horncastle,House of Commons,London,SW1A 0AA,Victoria@victoriaatkins.org.uk
Gareth,Bacon,Gareth Bacon,"Bacon, Gareth",Conservative,Orpington,House of Commons,London,SW1A 0AA,gareth.bacon.mp@parliament.uk
Richard,Bacon,Mr Richard Bacon,"Bacon, Mr Richard",Conservative,South Norfolk,House of Commons,London,SW1A 0AA,richardbaconmp@parliament.uk
Olukemi,Badenoch,Kemi Badenoch,"Badenoch, Kemi",Conservative,Saffron Walden,House of Commons,London,SW1A 0AA,kemi.badenoch.mp@parliament.uk
Shaun,Bailey,Shaun Bailey,"Bailey, Shaun",Conservative,West Bromwich West,House of Commons,London,SW1A 0AA,shaun.bailey.mp@parliament.uk
Siobhan,Baillie,Siobhan Baillie,"Baillie, Siobhan",Conservative,Stroud,House of Commons,London,SW1A 0AA,siobhan.baillie.mp@parliament.uk
Duncan,Baker,Duncan Baker,"Baker, Duncan",Conservative,North Norfolk,House of Commons,London,SW1A 0AA,duncan@duncanbaker.org.uk
Steven,Baker,Mr Steve Baker,"Baker, Mr Steve",Conservative,Wycombe,House of Commons,London,SW1A 0AA,steve.baker.mp@parliament.uk
Harriett,Baldwin,Harriett Baldwin,"Baldwin, Harriett",Conservative,West Worcestershire,House of Commons,London,SW1A 0AA,harriett.baldwin.mp@parliament.uk
Stephen,Barclay,Steve Barclay,"Barclay, Steve",Conservative,North East Cambridgeshire,House of Commons,London,SW1A 0AA,stephen.barclay.mp@parliament.uk
Hannah,Bardell,Hannah Bardell,"Bardell, Hannah",Scottish National Party,Livingston,House of Commons,London,SW1A 0AA,hannah.bardell.mp@parliament.uk
Paula,Barker,Paula Barker,"Barker, Paula",Labour,"Liverpool, Wavertree",House of Commons,London,SW1A 0AA,paula.barker.mp@parliament.uk
John,Baron,Mr John Baron,"Baron, Mr John",Conservative,Basildon and Billericay,House of Commons,London,SW1A 0AA,baronj@parliament.uk
Simon,Baynes,Simon Baynes,"Baynes, Simon",Conservative,Clwyd South,House of Commons,London,SW1A 0AA,simon.baynes.mp@parliament.uk
Margaret,Beckett,Margaret Beckett,"Beckett, Margaret",Labour,Derby South,House of Commons,London,SW1A 0AA,margaret.beckett.mp@parliament.uk
Órfhlaith,Begley,Órfhlaith Begley,"Begley, Órfhlaith",Sinn Féin,West Tyrone,House of Commons,London,SW1A 0AA,
Apsana,Begum,Apsana Begum,"Begum, Apsana",Labour,Poplar and Limehouse,House of Commons,London,SW1A 0AA,apsana.begum.mp@parliament.uk
Aaron,Bell,Aaron Bell,"Bell, Aaron",Conservative,Newcastle-under-Lyme,House of Commons,London,SW1A 0AA,aaron.bell.mp@parliament.uk
Hilary,Benn,Hilary Benn,"Benn, Hilary",Labour,Leeds Central,House of Commons,London,SW1A 0AA,bennh@parliament.uk
Scott,Benton,Scott Benton,"Benton, Scott",Conservative,Blackpool South,House of Commons,London,SW1A 0AA,scott.benton.mp@parliament.uk
Alexander,Beresford,Sir Paul Beresford,"Beresford, Sir Paul",Conservative,Mole Valley,House of Commons,London,SW1A 0AA,annie.winsbury@parliament.uk
James,Berry,Jake Berry,"Berry, Jake",Conservative,Rossendale and Darwen,House of Commons,London,SW1A 0AA,jake.berry.mp@parliament.uk
Clive,Betts,Mr Clive Betts,"Betts, Mr Clive",Labour,Sheffield South East,House of Commons,London,SW1A 0AA,officeofclivebettsmp@parliament.uk
Mohammad Saqib,Bhatti,Saqib Bhatti,"Bhatti, Saqib",Conservative,Meriden,House of Commons,London,SW1A 0AA,saqib.bhatti@parliament.uk
Mhairi,Black,Mhairi Black,"Black, Mhairi",Scottish National Party,Paisley and Renfrewshire South,House of Commons,London,SW1A 0AA,mhairi.black.mp@parliament.uk
Ian,Blackford,Ian Blackford,"Blackford, Ian",Scottish National Party,"Ross, Skye and Lochaber",House of Commons,London,SW1A 0AA,ian.blackford.mp@parliament.uk
Robert,Blackman,Bob Blackman,"Blackman, Bob",Conservative,Harrow East,House of Commons,London,SW1A 0AA,bob.blackman.mp@parliament.uk
Kirsty,Blackman,Kirsty Blackman,"Blackman, Kirsty",Scottish National Party,Aberdeen North,House of Commons,London,SW1A 0AA,kirsty.blackman.mp@parliament.uk
Olivia,Blake Dagnall,Olivia Blake,"Blake, Olivia",Labour,"Sheffield, Hallam",House of Commons,London,SW1A 0AA,olivia.blake.mp@parliament.uk
Paul,Blomfield,Paul Blomfield,"Blomfield, Paul",Labour,Sheffield Central,House of Commons,London,SW1A 0AA,paul.blomfield.mp@parliament.uk
Crispin,Blunt,Crispin Blunt,"Blunt, Crispin",Conservative,Reigate,House of Commons,London,SW1A 0AA,crispinbluntmp@parliament.uk
Peter,Bone,Mr Peter Bone,"Bone, Mr Peter",Conservative,Wellingborough,House of Commons,London,SW1A 0AA,bonep@parliament.uk
Steven,Bonnar,Steven Bonnar,"Bonnar, Steven",Scottish National Party,"Coatbridge, Chryston and Bellshill",House of Commons,London,SW1A 0AA,steven.bonnar.mp@parliament.uk
Peter,Bottomley,Sir Peter Bottomley,"Bottomley, Sir Peter",Conservative,Worthing West,House of Commons,London,SW1A 0AA,bottomleyp@parliament.uk
Andrew,Bowie,Andrew Bowie,"Bowie, Andrew",Conservative,West Aberdeenshire and Kincardine,House of Commons,London,SW1A 0AA,andrew.bowie.mp@parliament.uk
Tracy,Brabin,Tracy Brabin,"Brabin, Tracy",Labour,Batley and Spen,House of Commons,London,SW1A 0AA,tracy.brabin.mp@parliament.uk
Benjamin,Bradley,Ben Bradley,"Bradley, Ben",Conservative,Mansfield,House of Commons,London,SW1A 0AA,ben.bradley.mp@parliament.uk
Karen,Bradley,Karen Bradley,"Bradley, Karen",Conservative,Staffordshire Moorlands,House of Commons,London,SW1A 0AA,karen.bradley.mp@parliament.uk
Benjamin,Bradshaw,Mr Ben Bradshaw,"Bradshaw, Mr Ben",Labour,Exeter,House of Commons,London,SW1A 0AA,bradshawb@parliament.uk
Michael,Brady,Mickey Brady,"Brady, Mickey",Sinn Féin,Newry and Armagh,House of Commons,London,SW1A 0AA,mickey.brady.mp@parliament.uk
Graham,Brady,Sir Graham Brady,"Brady, Sir Graham",Conservative,Altrincham and Sale West,House of Commons,London,SW1A 0AA,altsale@parliament.uk
Sue-Ellen,Braverman,Suella Braverman,"Braverman, Suella",Conservative,Fareham,House of Commons,London,SW1A 0AA,suella.braverman.mp@parliament.uk
Kevin,Brennan,Kevin Brennan,"Brennan, Kevin",Labour,Cardiff West,House of Commons,London,SW1A 0AA,brennank@parliament.uk
Jack,Brereton,Jack Brereton,"Brereton, Jack",Conservative,Stoke-on-Trent South,House of Commons,London,SW1A 0AA,jack.brereton.mp@parliament.uk
Andrew,Bridgen,Andrew Bridgen,"Bridgen, Andrew",Conservative,North West Leicestershire,House of Commons,London,SW1A 0AA,andrew.bridgen.mp@parliament.uk
Stephen,Brine,Steve Brine,"Brine, Steve",Conservative,Winchester,House of Commons,London,SW1A 0AA,steve.brine.mp@parliament.uk
Paul,Bristow,Paul Bristow,"Bristow, Paul",Conservative,Peterborough,House of Commons,London,SW1A 0AA,paul.bristow.mp@parliament.uk
Sara,Britcliffe,Sara Britcliffe,"Britcliffe, Sara",Conservative,Hyndburn,House of Commons,London,SW1A 0AA,sara.britcliffe.mp@parliament.uk
Deidre,Brock,Deidre Brock,"Brock, Deidre",Scottish National Party,Edinburgh North and Leith,House of Commons,London,SW1A 0AA,deidre.brock.mp@parliament.uk
James,Brokenshire,James Brokenshire,"Brokenshire, James",Conservative,Old Bexley and Sidcup,House of Commons,London,SW1A 0AA,james.brokenshire.mp@parliament.uk
Alan,Brown,Alan Brown,"Brown, Alan",Scottish National Party,Kilmarnock and Loudoun,House of Commons,London,SW1A 0AA,alan.brown.mp@parliament.uk
Nicholas,Brown,Mr Nicholas Brown,"Brown, Mr Nicholas",Labour,Newcastle upon Tyne East,House of Commons,London,SW1A 0AA,nickbrownmp@parliament.uk
Lyn,Brown,Ms Lyn Brown,"Brown, Ms Lyn",Labour,West Ham,House of Commons,London,SW1A 0AA,brownl@parliament.uk
Anthony,Browne,Anthony Browne,"Browne, Anthony",Conservative,South Cambridgeshire,House of Commons,London,SW1A 0AA,anthony.browne.mp@parliament.uk
Fiona,Bruce,Fiona Bruce,"Bruce, Fiona",Conservative,Congleton,House of Commons,London,SW1A 0AA,fiona.bruce.mp@parliament.uk
Christopher,Bryant,Chris Bryant,"Bryant, Chris",Labour,Rhondda,House of Commons,London,SW1A 0AA,bryantc@parliament.uk
Felicity,Buchan,Felicity Buchan,"Buchan, Felicity",Conservative,Kensington,House of Commons,London,SW1A 0AA,felicity.buchan.mp@parliament.uk
Karen,Buck,Ms Karen Buck,"Buck, Ms Karen",Labour,Westminster North,House of Commons,London,SW1A 0AA,buckk@parliament.uk
Robert,Buckland,Robert Buckland,"Buckland, Robert",Conservative,South Swindon,House of Commons,London,SW1A 0AA,robert.buckland.mp@parliament.uk
Michael,Burghart,Alex Burghart,"Burghart, Alex",Conservative,Brentwood and Ongar,House of Commons,London,SW1A 0AA,alex.burghart.mp@parliament.uk
Richard,Burgon,Richard Burgon,"Burgon, Richard",Labour,Leeds East,House of Commons,London,SW1A 0AA,richard@richardburgon.com
Conor,Burns,Conor Burns,"Burns, Conor",Conservative,Bournemouth West,House of Commons,London,SW1A 0AA,conor.burns.mp@parliament.uk
Dawn,Butler,Dawn Butler,"Butler, Dawn",Labour,Brent Central,House of Commons,London,SW1A 0AA,dawn.butler.mp@parliament.uk
Robert,Butler,Rob Butler,"Butler, Rob",Conservative,Aylesbury,House of Commons,London,SW1A 0AA,rob.butler.mp@parliament.uk
Ian,Byrne,Ian Byrne,"Byrne, Ian",Labour,"Liverpool, West Derby",House of Commons,London,SW1A 0AA,ian.byrne.mp@parliament.uk
Liam,Byrne,Liam Byrne,"Byrne, Liam",Labour,"Birmingham, Hodge Hill",House of Commons,London,SW1A 0AA,byrnel@parliament.uk
Ruth,Cadbury,Ruth Cadbury,"Cadbury, Ruth",Labour,Brentford and Isleworth,House of Commons,London,SW1A 0AA,ruthcadburymp@parliament.uk
Alun,Cairns,Alun Cairns,"Cairns, Alun",Conservative,Vale of Glamorgan,House of Commons,London,SW1A 0AA,alun.cairns.mp@parliament.uk
Amy,Callaghan,Amy Callaghan,"Callaghan, Amy",Scottish National Party,East Dunbartonshire,House of Commons,London,SW1A 0AA,amy.callaghan.mp@parliament.uk
Lisa,Cameron,Dr Lisa Cameron,"Cameron, Dr Lisa",Scottish National Party,"East Kilbride, Strathaven and Lesmahagow",House of Commons,London,SW1A 0AA,lisa.cameron.mp@parliament.uk
Gregory,Campbell,Mr Gregory Campbell,"Campbell, Mr Gregory",Democratic Unionist Party,East Londonderry,House of Commons,London,SW1A 0AA,fieldingm@parliament.uk
Alan,Campbell,Sir Alan Campbell,"Campbell, Sir Alan",Labour,Tynemouth,House of Commons,London,SW1A 0AA,alan.campbell.mp@parliament.uk
Daniel,Carden,Dan Carden,"Carden, Dan",Labour,"Liverpool, Walton",House of Commons,London,SW1A 0AA,dan.carden.mp@parliament.uk
Alexander,Carmichael,Mr Alistair Carmichael,"Carmichael, Mr Alistair",Liberal Democrat,Orkney and Shetland,House of Commons,London,SW1A 0AA,carmichaela@parliament.uk
Andrew,Carter,Andy Carter,"Carter, Andy",Conservative,Warrington South,House of Commons,London,SW1A 0AA,andy.carter.mp@parliament.uk
James,Cartlidge,James Cartlidge,"Cartlidge, James",Conservative,South Suffolk,House of Commons,London,SW1A 0AA,james.cartlidge.mp@parliament.uk
William,Cash,Sir William Cash,"Cash, Sir William",Conservative,Stone,House of Commons,London,SW1A 0AA,cashw@parliament.uk
Miriam,Cates,Miriam Cates,"Cates, Miriam",Conservative,Penistone and Stocksbridge,House of Commons,London,SW1A 0AA,miriam.cates.mp@parliament.uk
Maria,Caulfield,Maria Caulfield,"Caulfield, Maria",Conservative,Lewes,House of Commons,London,SW1A 0AA,maria.caulfield.mp@parliament.uk
Alexander,Chalk,Alex Chalk,"Chalk, Alex",Conservative,Cheltenham,House of Commons,London,SW1A 0AA,alex.chalk.mp@parliament.uk
Wendy,Chamberlain,Wendy Chamberlain,"Chamberlain, Wendy",Liberal Democrat,North East Fife,House of Commons,London,SW1A 0AA,wendy.chamberlain.mp@parliament.uk
Sarah,Champion,Sarah Champion,"Champion, Sarah",Labour,Rotherham,House of Commons,London,SW1A 0AA,sarah.champion.mp@parliament.uk
Douglas,Chapman,Douglas Chapman,"Chapman, Douglas",Scottish National Party,Dunfermline and West Fife,House of Commons,London,SW1A 0AA,douglas.chapman.mp@parliament.uk
Charalambos,Charalambous,Bambos Charalambous,"Charalambous, Bambos",Labour,"Enfield, Southgate",House of Commons,London,SW1A 0AA,bambos.charalambous.mp@parliament.uk
Joanna,Cherry,Joanna Cherry,"Cherry, Joanna",Scottish National Party,Edinburgh South West,House of Commons,London,SW1A 0AA,joanna.cherry.mp@parliament.uk
Atta-Ur-Rehman,Chishti,Rehman Chishti,"Chishti, Rehman",Conservative,Gillingham and Rainham,House of Commons,London,SW1A 0AA,rehman.chishti.mp@parliament.uk
Christopher,Chope,Sir Christopher Chope,"Chope, Sir Christopher",Conservative,Christchurch,House of Commons,London,SW1A 0AA,chopec@parliament.uk
Johanna,Churchill,Jo Churchill,"Churchill, Jo",Conservative,Bury St Edmunds,House of Commons,London,SW1A 0AA,jo.churchill.mp@parliament.uk
Feryal,Clark,Feryal Clark,"Clark, Feryal",Labour,Enfield North,House of Commons,London,SW1A 0AA,feryal.clark.mp@parliament.uk
Gregory,Clark,Greg Clark,"Clark, Greg",Conservative,Tunbridge Wells,House of Commons,London,SW1A 0AA,gregclarkmp@parliament.uk
Simon,Clarke,Mr Simon Clarke,"Clarke, Mr Simon",Conservative,Middlesbrough South and East Cleveland,House of Commons,London,SW1A 0AA,simon.clarke.mp@parliament.uk
Theodora,Clarke,Theo Clarke,"Clarke, Theo",Conservative,Stafford,House of Commons,London,SW1A 0AA,theo.clarke.mp@parliament.uk
Brendan,Clarke-Smith,Brendan Clarke-Smith,"Clarke-Smith, Brendan",Conservative,Bassetlaw,House of Commons,London,SW1A 0AA,brendan.clarkesmith.mp@parliament.uk
Christopher,Clarkson,Chris Clarkson,"Clarkson, Chris",Conservative,Heywood and Middleton,House of Commons,London,SW1A 0AA,chris.clarkson.mp@parliament.uk
James,Cleverly,James Cleverly,"Cleverly, James",Conservative,Braintree,House of Commons,London,SW1A 0AA,james.cleverly.mp@parliament.uk
Geoffrey,Clifton-Brown,Sir Geoffrey Clifton-Brown,"Clifton-Brown, Sir Geoffrey",Conservative,The Cotswolds,House of Commons,London,SW1A 0AA,cliftonbrowng@parliament.uk
Thérèse,Coffey,Dr Thérèse Coffey,"Coffey, Dr Thérèse",Conservative,Suffolk Coastal,House of Commons,London,SW1A 0AA,therese.coffey.mp@parliament.uk
Elliot,Colburn,Elliot Colburn,"Colburn, Elliot",Conservative,Carshalton and Wallington,House of Commons,London,SW1A 0AA,elliot.colburn.mp@parliament.uk
Damian,Collins,Damian Collins,"Collins, Damian",Conservative,Folkestone and Hythe,House of Commons,London,SW1A 0AA,damian.collins.mp@parliament.uk
Daisy,Cooper,Daisy Cooper,"Cooper, Daisy",Liberal Democrat,St Albans,House of Commons,London,SW1A 0AA,daisy.cooper.mp@parliament.uk
Rosemary,Cooper,Rosie Cooper,"Cooper, Rosie",Labour,West Lancashire,House of Commons,London,SW1A 0AA,
Yvette,Cooper,Yvette Cooper,"Cooper, Yvette",Labour,"Normanton, Pontefract and Castleford",House of Commons,London,SW1A 0AA,coopery@parliament.uk
Jeremy,Corbyn,Jeremy Corbyn,"Corbyn, Jeremy",Independent,Islington North,House of Commons,London,SW1A 0AA,jeremy.corbyn.mp@parliament.uk
Alberto,Costa,Alberto Costa,"Costa, Alberto",Conservative,South Leicestershire,House of Commons,London,SW1A 0AA,alberto.costa.mp@parliament.uk
Robert,Courts,Robert Courts,"Courts, Robert",Conservative,Witney,House of Commons,London,SW1A 0AA,robert.courts.mp@parliament.uk
Claire,Coutinho,Claire Coutinho,"Coutinho, Claire",Conservative,East Surrey,House of Commons,London,SW1A 0AA,claire.coutinho.mp@parliament.uk
Ronald,Cowan,Ronnie Cowan,"Cowan, Ronnie",Scottish National Party,Inverclyde,House of Commons,London,SW1A 0AA,ronnie.cowan.mp@parliament.uk
Charles,Cox,Mr Geoffrey Cox,"Cox, Mr Geoffrey",Conservative,Torridge and West Devon,House of Commons,London,SW1A 0AA,coxg@parliament.uk
Neil,Coyle,Neil Coyle,"Coyle, Neil",Labour,Bermondsey and Old Southwark,House of Commons,London,SW1A 0AA,neil.coyle.mp@parliament.uk
Stephen,Crabb,Stephen Crabb,"Crabb, Stephen",Conservative,Preseli Pembrokeshire,House of Commons,London,SW1A 0AA,stephen.crabb.mp@parliament.uk
Angela,Crawley,Angela Crawley,"Crawley, Angela",Scottish National Party,Lanark and Hamilton East,House of Commons,London,SW1A 0AA,angela.crawley.mp@parliament.uk
Stella,Creasy,Stella Creasy,"Creasy, Stella",Labour,Walthamstow,House of Commons,London,SW1A 0AA,stella.creasy.mp@parliament.uk
Virginia,Crosbie,Virginia Crosbie,"Crosbie, Virginia",Conservative,Ynys Môn,House of Commons,London,SW1A 0AA,virginia.crosbie.mp@parliament.uk
Tracey,Crouch,Tracey Crouch,"Crouch, Tracey",Conservative,Chatham and Aylesford,House of Commons,London,SW1A 0AA,tracey.crouch.mp@parliament.uk
Jonathan,Cruddas,Jon Cruddas,"Cruddas, Jon",Labour,Dagenham and Rainham,House of Commons,London,SW1A 0AA,cruddasj@parliament.uk
John,Cryer,John Cryer,"Cryer, John",Labour,Leyton and Wanstead,House of Commons,London,SW1A 0AA,john.cryer.mp@parliament.uk
Judith,Cummins,Judith Cummins,"Cummins, Judith",Labour,Bradford South,House of Commons,London,SW1A 0AA,judith.cummins.mp@parliament.uk
Alexander,Cunningham,Alex Cunningham,"Cunningham, Alex",Labour,Stockton North,House of Commons,London,SW1A 0AA,alex.cunningham.mp@parliament.uk
Janet,Daby,Janet Daby,"Daby, Janet",Labour,Lewisham East,House of Commons,London,SW1A 0AA,janet.daby.mp@parliament.uk
James,Daly,James Daly,"Daly, James",Conservative,Bury North,House of Commons,London,SW1A 0AA,james.daly.mp@parliament.uk
Edward,Davey,Ed Davey,"Davey, Ed",Liberal Democrat,Kingston and Surbiton,House of Commons,London,SW1A 0AA,edward.davey.mp@parliament.uk
Wayne,David,Wayne David,"David, Wayne",Labour,Caerphilly,House of Commons,London,SW1A 0AA,davidw@parliament.uk
David,Davies,David T C Davies,"Davies, David T C",Conservative,Monmouth,House of Commons,London,SW1A 0AA,david.davies.mp@parliament.uk
James,Davies,Dr James Davies,"Davies, Dr James",Conservative,Vale of Clwyd,House of Commons,London,SW1A 0AA,james.davies.mp@parliament.uk
Gareth,Davies,Gareth Davies,"Davies, Gareth",Conservative,Grantham and Stamford,House of Commons,London,SW1A 0AA,gareth.davies.mp@parliament.uk
Geraint,Davies,Geraint Davies,"Davies, Geraint",Labour,Swansea West,House of Commons,London,SW1A 0AA,geraint.davies.mp@parliament.uk
Miriam,Davies,Mims Davies,"Davies, Mims",Conservative,Mid Sussex,House of Commons,London,SW1A 0AA,mims.davies.mp@parliament.uk
Philip,Davies,Philip Davies,"Davies, Philip",Conservative,Shipley,House of Commons,London,SW1A 0AA,daviesp@parliament.uk
Alexandra,Davies-Jones,Alex Davies-Jones,"Davies-Jones, Alex",Labour,Pontypridd,House of Commons,London,SW1A 0AA,alex.daviesjones.mp@parliament.uk
David,Davis,Mr David Davis,"Davis, Mr David",Conservative,Haltemprice and Howden,House of Commons,London,SW1A 0AA,david.davis.mp@parliament.uk
Dehenna,Fareham,Dehenna Davison,"Davison, Dehenna",Conservative,Bishop Auckland,House of Commons,London,SW1A 0AA,dehenna.davison.mp@parliament.uk
Martyn,Day,Martyn Day,"Day, Martyn",Scottish National Party,Linlithgow and East Falkirk,House of Commons,London,SW1A 0AA,martyn.day.mp@parliament.uk
Marsha,De Cordova,Marsha De Cordova,"De Cordova, Marsha",Labour,Battersea,House of Commons,London,SW1A 0AA,marsha.decordova.mp@parliament.uk
Thangam,Debbonaire,Thangam Debbonaire,"Debbonaire, Thangam",Labour,Bristol West,House of Commons,London,SW1A 0AA,thangam.debbonaire.mp@parliament.uk
Tanmanjeet,Dhesi,Mr Tanmanjeet Singh Dhesi,"Dhesi, Mr Tanmanjeet Singh",Labour,Slough,House of Commons,London,SW1A 0AA,tan.dhesi.mp@parliament.uk
Caroline,Dinenage,Caroline Dinenage,"Dinenage, Caroline",Conservative,Gosport,House of Commons,London,SW1A 0AA,caroline.dinenage.mp@parliament.uk
Sarah,Dines,Miss Sarah Dines,"Dines, Miss Sarah",Conservative,Derbyshire Dales,House of Commons,London,SW1A 0AA,sarah.dines.mp@parliament.uk
Jonathan,Djanogly,Mr Jonathan Djanogly,"Djanogly, Mr Jonathan",Conservative,Huntingdon,House of Commons,London,SW1A 0AA,jonathan.djanogly.mp@parliament.uk
Leo,Docherty,Leo Docherty,"Docherty, Leo",Conservative,Aldershot,House of Commons,London,SW1A 0AA,leo.docherty.mp@parliament.uk
Martin,Docherty-Hughes,Martin Docherty-Hughes,"Docherty-Hughes, Martin",Scottish National Party,West Dunbartonshire,House of Commons,London,SW1A 0AA,martin.docherty.mp@parliament.uk
Anneliese,Dodds,Anneliese Dodds,"Dodds, Anneliese",Labour,Oxford East,House of Commons,London,SW1A 0AA,anneliese.dodds.mp@parliament.uk
Jeffrey,Donaldson,Sir Jeffrey M Donaldson,"Donaldson, Sir Jeffrey M",Democratic Unionist Party,Lagan Valley,House of Commons,London,SW1A 0AA,jeffrey.donaldson.mp@parliament.uk
Michelle,Donelan,Michelle Donelan,"Donelan, Michelle",Conservative,Chippenham,House of Commons,London,SW1A 0AA,michelle.donelan.mp@parliament.uk
David,Doogan,Dave Doogan,"Doogan, Dave",Scottish National Party,Angus,House of Commons,London,SW1A 0AA,dave.doogan.mp@parliament.uk
Allan,Dorans,Allan Dorans,"Dorans, Allan",Scottish National Party,"Ayr, Carrick and Cumnock",House of Commons,London,SW1A 0AA,allan.dorans.mp@parliament.uk
Nadine,Dorries,Ms Nadine Dorries,"Dorries, Ms Nadine",Conservative,Mid Bedfordshire,House of Commons,London,SW1A 0AA,dorriesn@parliament.uk
Stephen,Double,Steve Double,"Double, Steve",Conservative,St Austell and Newquay,House of Commons,London,SW1A 0AA,steve.double.mp@parliament.uk
Stephen,Doughty,Stephen Doughty,"Doughty, Stephen",Labour,Cardiff South and Penarth,House of Commons,London,SW1A 0AA,stephen.doughty.mp@parliament.uk
Peter,Dowd,Peter Dowd,"Dowd, Peter",Labour,Bootle,House of Commons,London,SW1A 0AA,peter.dowd.mp@parliament.uk
Oliver,Dowden,Oliver Dowden,"Dowden, Oliver",Conservative,Hertsmere,House of Commons,London,SW1A 0AA,oliver.dowden.mp@parliament.uk
Jacqueline,Doyle-Price,Jackie Doyle-Price,"Doyle-Price, Jackie",Conservative,Thurrock,House of Commons,London,SW1A 0AA,jackie.doyleprice.mp@parliament.uk
Richard,Plunkett-Ernle-Erle-Drax,Richard Drax,"Drax, Richard",Conservative,South Dorset,House of Commons,London,SW1A 0AA,richard.drax.mp@parliament.uk
John,Dromey,Jack Dromey,"Dromey, Jack",Labour,"Birmingham, Erdington",House of Commons,London,SW1A 0AA,jack.dromey.mp@parliament.uk
Felicia,Drummond,Mrs Flick Drummond,"Drummond, Mrs Flick",Conservative,Meon Valley,House of Commons,London,SW1A 0AA,flick.drummond.mp@parliament.uk
James,Duddridge,James Duddridge,"Duddridge, James",Conservative,Rochford and Southend East,House of Commons,London,SW1A 0AA,james@jamesduddridge.com
Rosemary,Duffield,Rosie Duffield,"Duffield, Rosie",Labour,Canterbury,House of Commons,London,SW1A 0AA,rosie.duffield.mp@parliament.uk
David,Duguid,David Duguid,"Duguid, David",Conservative,Banff and Buchan,House of Commons,London,SW1A 0AA,david.duguid.mp@parliament.uk
George,Duncan Smith,Sir Iain Duncan Smith,"Duncan Smith, Sir Iain",Conservative,Chingford and Woodford Green,House of Commons,London,SW1A 0AA,Iain.duncansmith.mp@parliament.uk
Philip,Dunne,Philip Dunne,"Dunne, Philip",Conservative,Ludlow,House of Commons,London,SW1A 0AA,philip.dunne.mp@parliament.uk
Maria,Eagle,Maria Eagle,"Eagle, Maria",Labour,Garston and Halewood,House of Commons,London,SW1A 0AA,eaglem@parliament.uk
Angela,Eagle,Ms Angela Eagle,"Eagle, Ms Angela",Labour,Wallasey,House of Commons,London,SW1A 0AA,eaglea@parliament.uk
Colum,Eastwood,Colum Eastwood,"Eastwood, Colum",Social Democratic & Labour Party,Foyle,House of Commons,London,SW1A 0AA,colum.eastwood.mp@parliament.uk
Mark,Eastwood,Mark Eastwood,"Eastwood, Mark",Conservative,Dewsbury,House of Commons,London,SW1A 0AA,mark.eastwood.mp@parliament.uk
David,Edwards,Jonathan Edwards,"Edwards, Jonathan",Independent,Carmarthen East and Dinefwr,House of Commons,London,SW1A 0AA,jonathan.edwards.mp@parliament.uk
Ruth,Edwards,Ruth Edwards,"Edwards, Ruth",Conservative,Rushcliffe,House of Commons,London,SW1A 0AA,ruth.edwards.mp@parliament.uk
Clive,Efford,Clive Efford,"Efford, Clive",Labour,Eltham,House of Commons,London,SW1A 0AA,effordc@parliament.uk
Julie,Elliott,Julie Elliott,"Elliott, Julie",Labour,Sunderland Central,House of Commons,London,SW1A 0AA,julie.elliott.mp@parliament.uk
Michael,Ellis,Michael Ellis,"Ellis, Michael",Conservative,Northampton North,House of Commons,London,SW1A 0AA,michael.ellis.mp@parliament.uk
Tobias,Ellwood,Mr Tobias Ellwood,"Ellwood, Mr Tobias",Conservative,Bournemouth East,House of Commons,London,SW1A 0AA,tobias.ellwood.mp@parliament.uk
Christopher,Elmore,Chris Elmore,"Elmore, Chris",Labour,Ogmore,House of Commons,London,SW1A 0AA,Chris.Elmore.mp@parliament.uk
Natalie,Elphicke,Mrs Natalie Elphicke,"Elphicke, Mrs Natalie",Conservative,Dover,House of Commons,London,SW1A 0AA,natalie.elphicke.mp@parliament.uk
Florence,Eshalomi,Florence Eshalomi,"Eshalomi, Florence",Labour,Vauxhall,House of Commons,London,SW1A 0AA,florence.eshalomi.mp@parliament.uk
William,Esterson,Bill Esterson,"Esterson, Bill",Labour,Sefton Central,House of Commons,London,SW1A 0AA,bill.esterson.mp@parliament.uk
Charles,Eustice,George Eustice,"Eustice, George",Conservative,Camborne and Redruth,House of Commons,London,SW1A 0AA,george.eustice.mp@parliament.uk
Christopher,Evans,Chris Evans,"Evans, Chris",Labour,Islwyn,House of Commons,London,SW1A 0AA,chris.evans.mp@parliament.uk
Luke,Evans,Dr Luke Evans,"Evans, Dr Luke",Conservative,Bosworth,House of Commons,London,SW1A 0AA,luke.evans.mp@parliament.uk
Nigel,Evans,Mr Nigel Evans,"Evans, Mr Nigel",Conservative,Ribble Valley,House of Commons,London,SW1A 0AA,evansn@parliament.uk
David,Evennett,Sir David Evennett,"Evennett, Sir David",Conservative,Bexleyheath and Crayford,House of Commons,London,SW1A 0AA,david.evennett.mp@parliament.uk
Ben,Everitt,Ben Everitt,"Everitt, Ben",Conservative,Milton Keynes North,House of Commons,London,SW1A 0AA,ben.everitt.mp@parliament.uk
Michael,Fabricant,Michael Fabricant,"Fabricant, Michael",Conservative,Lichfield,House of Commons,London,SW1A 0AA,
Laura,Farris,Laura Farris,"Farris, Laura",Conservative,Newbury,House of Commons,London,SW1A 0AA,laura.farris.mp@parliament.uk
Timothy,Farron,Tim Farron,"Farron, Tim",Liberal Democrat,Westmorland and Lonsdale,House of Commons,London,SW1A 0AA,farront@parliament.uk
Stephen,Farry,Stephen Farry,"Farry, Stephen",Alliance,North Down,House of Commons,London,SW1A 0AA,stephen.farry.mp@parliament.uk
Simon,Fell,Simon Fell,"Fell, Simon",Conservative,Barrow and Furness,House of Commons,London,SW1A 0AA,simon.fell.mp@parliament.uk
Marion,Fellows,Marion Fellows,"Fellows, Marion",Scottish National Party,Motherwell and Wishaw,House of Commons,London,SW1A 0AA,marion.fellows.mp@parliament.uk
Margaret,Ferrier,Margaret Ferrier,"Ferrier, Margaret",Independent,Rutherglen and Hamilton West,House of Commons,London,SW1A 0AA,margaret.ferrier.mp@parliament.uk
John,Finucane,John Finucane,"Finucane, John",Sinn Féin,Belfast North,House of Commons,London,SW1A 0AA,john.finucane.mp@parliament.uk
Colleen,Fletcher,Colleen Fletcher,"Fletcher, Colleen",Labour,Coventry North East,House of Commons,London,SW1A 0AA,colleen.fletcher.mp@parliament.uk
Katherine,Fletcher,Katherine Fletcher,"Fletcher, Katherine",Conservative,South Ribble,House of Commons,London,SW1A 0AA,katherine.fletcher.mp@parliament.uk
Mark,Fletcher,Mark Fletcher,"Fletcher, Mark",Conservative,Bolsover,House of Commons,London,SW1A 0AA,mark.fletcher.mp@parliament.uk
Nicholas,Fletcher,Nick Fletcher,"Fletcher, Nick",Conservative,Don Valley,House of Commons,London,SW1A 0AA,nick.fletcher.mp@parliament.uk
Stephen,Flynn,Stephen Flynn,"Flynn, Stephen",Scottish National Party,Aberdeen South,House of Commons,London,SW1A 0AA,stephen.flynn.mp@parliament.uk
Victoria,Ford,Vicky Ford,"Ford, Vicky",Conservative,Chelmsford,House of Commons,London,SW1A 0AA,vicky.ford.mp@parliament.uk
Kevin,Foster,Kevin Foster,"Foster, Kevin",Conservative,Torbay,House of Commons,London,SW1A 0AA,kevin.foster.mp@parliament.uk
Yvonne,Fovargue,Yvonne Fovargue,"Fovargue, Yvonne",Labour,Makerfield,House of Commons,London,SW1A 0AA,yvonne.fovargue.mp@parliament.uk
Liam,Fox,Dr Liam Fox,"Fox, Dr Liam",Conservative,North Somerset,House of Commons,London,SW1A 0AA,ione.douglas@parliament.uk
Victoria,Foxcroft,Vicky Foxcroft,"Foxcroft, Vicky",Labour,"Lewisham, Deptford",House of Commons,London,SW1A 0AA,vicky.foxcroft.mp@parliament.uk
Mary,Foy,Mary Kelly Foy,"Foy, Mary Kelly",Labour,City of Durham,House of Commons,London,SW1A 0AA,mary.foy.mp@parliament.uk
Mark,Francois,Mr Mark Francois,"Francois, Mr Mark",Conservative,Rayleigh and Wickford,House of Commons,London,SW1A 0AA,mark.francois.mp@parliament.uk
Lucy,Leigh (Frazer),Lucy Frazer,"Frazer, Lucy",Conservative,South East Cambridgeshire,House of Commons,London,SW1A 0AA,lucy.frazer.mp@parliament.uk
George,Freeman,George Freeman,"Freeman, George",Conservative,Mid Norfolk,House of Commons,London,SW1A 0AA,george.freeman.mp@parliament.uk
Michael,Freer,Mike Freer,"Freer, Mike",Conservative,Finchley and Golders Green,House of Commons,London,SW1A 0AA,mike.freer.mp@parliament.uk
Richard,Fuller,Richard Fuller,"Fuller, Richard",Conservative,North East Bedfordshire,House of Commons,London,SW1A 0AA,richard.fuller.mp@parliament.uk
Gillian,Furniss,Gill Furniss,"Furniss, Gill",Labour,"Sheffield, Brightside and Hillsborough",House of Commons,London,SW1A 0AA,gill.furniss.mp@parliament.uk
Marcus,Fysh,Mr Marcus Fysh,"Fysh, Mr Marcus",Conservative,Yeovil,House of Commons,London,SW1A 0AA,marcus.fysh.mp@parliament.uk
Roger,Gale,Sir Roger Gale,"Gale, Sir Roger",Conservative,North Thanet,House of Commons,London,SW1A 0AA,galerj@parliament.uk
Barry,Gardiner,Barry Gardiner,"Gardiner, Barry",Labour,Brent North,House of Commons,London,SW1A 0AA,gardinerb@parliament.uk
Mark,Garnier,Mark Garnier,"Garnier, Mark",Conservative,Wyre Forest,House of Commons,London,SW1A 0AA,mark.garnier.mp@parliament.uk
Nusrat,Ul-Ghani,Ms Nusrat Ghani,"Ghani, Ms Nusrat",Conservative,Wealden,House of Commons,London,SW1A 0AA,nusrat.ghani.mp@parliament.uk
Nicolas,Gibb,Nick Gibb,"Gibb, Nick",Conservative,Bognor Regis and Littlehampton,House of Commons,London,SW1A 0AA,gibbn@parliament.uk
Patricia,Gibson,Patricia Gibson,"Gibson, Patricia",Scottish National Party,North Ayrshire and Arran,House of Commons,London,SW1A 0AA,patricia.gibson.mp@parliament.uk
Peter,Gibson,Peter Gibson,"Gibson, Peter",Conservative,Darlington,House of Commons,London,SW1A 0AA,peter.gibson.mp@parliament.uk
Joanna,Gideon,Jo Gideon,"Gideon, Jo",Conservative,Stoke-on-Trent Central,House of Commons,London,SW1A 0AA,jo.gideon.mp@parliament.uk
Michelle,Gildernew,Michelle Gildernew,"Gildernew, Michelle",Sinn Féin,Fermanagh and South Tyrone,House of Commons,London,SW1A 0AA,michelle.gildernew.mp@parliament.uk
Preet,Gill,Preet Kaur Gill,"Gill, Preet Kaur",Labour,"Birmingham, Edgbaston",House of Commons,London,SW1A 0AA,preet.gill.mp@parliament.uk
Cheryl,Gillan,Dame Cheryl Gillan,"Gillan, Dame Cheryl",Conservative,Chesham and Amersham,House of Commons,London,SW1A 0AA,cheryl.gillan.mp@parliament.uk
William,Girvan,Paul Girvan,"Girvan, Paul",Democratic Unionist Party,South Antrim,House of Commons,London,SW1A 0AA,paul.girvan.mp@parliament.uk
John,Glen,John Glen,"Glen, John",Conservative,Salisbury,House of Commons,London,SW1A 0AA,john.glen.mp@parliament.uk
Mary,Glindon,Mary Glindon,"Glindon, Mary",Labour,North Tyneside,House of Commons,London,SW1A 0AA,mary.glindon.mp@parliament.uk
Robert,Goodwill,Mr Robert Goodwill,"Goodwill, Mr Robert",Conservative,Scarborough and Whitby,House of Commons,London,SW1A 0AA,robert.goodwill.mp@parliament.uk
Michael,Gove,Michael Gove,"Gove, Michael",Conservative,Surrey Heath,House of Commons,London,SW1A 0AA,michael.gove.mp@parliament.uk
Patrick,Grady,Patrick Grady,"Grady, Patrick",Scottish National Party,Glasgow North,House of Commons,London,SW1A 0AA,patrick.grady.mp@parliament.uk
Richard,Graham,Richard Graham,"Graham, Richard",Conservative,Gloucester,House of Commons,London,SW1A 0AA,richard.graham.mp@parliament.uk
Helen,Grant,Mrs Helen Grant,"Grant, Mrs Helen",Conservative,Maidstone and The Weald,House of Commons,London,SW1A 0AA,helen.grant.mp@parliament.uk
Peter,Grant,Peter Grant,"Grant, Peter",Scottish National Party,Glenrothes,House of Commons,London,SW1A 0AA,peter.grant.mp@parliament.uk
James,Gray,James Gray,"Gray, James",Conservative,North Wiltshire,House of Commons,London,SW1A 0AA,jamesgraymp@parliament.uk
Neil,Gray,Neil Gray,"Gray, Neil",Scottish National Party,Airdrie and Shotts,House of Commons,London,SW1A 0AA,neil.gray.mp@parliament.uk
Christopher,Grayling,Chris Grayling,"Grayling, Chris",Conservative,Epsom and Ewell,House of Commons,London,SW1A 0AA,chris.grayling.mp@parliament.uk
Christopher,Green,Chris Green,"Green, Chris",Conservative,Bolton West,House of Commons,London,SW1A 0AA,chris.green.mp@parliament.uk
Damian,Green,Damian Green,"Green, Damian",Conservative,Ashford,House of Commons,London,SW1A 0AA,damian.green.mp@parliament.uk
Katherine,Green,Kate Green,"Green, Kate",Labour,Stretford and Urmston,House of Commons,London,SW1A 0AA,kate.green.mp@parliament.uk
Lilian,Greenwood,Lilian Greenwood,"Greenwood, Lilian",Labour,Nottingham South,House of Commons,London,SW1A 0AA,lilian.greenwood.mp@parliament.uk
Margaret,Greenwood,Margaret Greenwood,"Greenwood, Margaret",Labour,Wirral West,House of Commons,London,SW1A 0AA,margaret.greenwood.mp@parliament.uk
Andrew,Griffith,Andrew Griffith,"Griffith, Andrew",Conservative,Arundel and South Downs,House of Commons,London,SW1A 0AA,Andrew@GriffithMP.com
Nia,Griffith,Nia Griffith,"Griffith, Nia",Labour,Llanelli,House of Commons,London,SW1A 0AA,nia.griffith.mp@parliament.uk
Kate,Griffiths,Kate Griffiths,"Griffiths, Kate",Conservative,Burton,House of Commons,London,SW1A 0AA,kate.griffiths.mp@parliament.uk
James,Grundy,James Grundy,"Grundy, James",Conservative,Leigh,House of Commons,London,SW1A 0AA,james.grundy.mp@parliament.uk
Jonathan,Gullis,Jonathan Gullis,"Gullis, Jonathan",Conservative,Stoke-on-Trent North,House of Commons,London,SW1A 0AA,jonathan.gullis.mp@parliament.uk
Andrew,Gwynne,Andrew Gwynne,"Gwynne, Andrew",Labour,Denton and Reddish,House of Commons,London,SW1A 0AA,gwynnea@parliament.uk
Louise,Haigh,Louise Haigh,"Haigh, Louise",Labour,"Sheffield, Heeley",House of Commons,London,SW1A 0AA,louise.haigh.mp@parliament.uk
Robert,Halfon,Robert Halfon,"Halfon, Robert",Conservative,Harlow,House of Commons,London,SW1A 0AA,
Luke,Hall,Luke Hall,"Hall, Luke",Conservative,Thornbury and Yate,House of Commons,London,SW1A 0AA,luke.hall.mp@parliament.uk
Fabian,Hamilton,Fabian Hamilton,"Hamilton, Fabian",Labour,Leeds North East,House of Commons,London,SW1A 0AA,fabian.hamilton.mp@parliament.uk
Stephen,Hammond,Stephen Hammond,"Hammond, Stephen",Conservative,Wimbledon,House of Commons,London,SW1A 0AA,stephen.hammond.mp@parliament.uk
Matthew,Hancock,Matt Hancock,"Hancock, Matt",Conservative,West Suffolk,House of Commons,London,SW1A 0AA,matt.hancock.mp@parliament.uk
Gregory,Hands,Greg Hands,"Hands, Greg",Conservative,Chelsea and Fulham,House of Commons,London,SW1A 0AA,handsg@parliament.uk
Claire,Hanna,Claire Hanna,"Hanna, Claire",Social Democratic & Labour Party,Belfast South,House of Commons,London,SW1A 0AA,claire.hanna.mp@parliament.uk
James Neale,Hanvey,Neale Hanvey,"Hanvey, Neale",Scottish National Party,Kirkcaldy and Cowdenbeath,House of Commons,London,SW1A 0AA,neale.hanvey.mp@parliament.uk
Emma,Hardy,Emma Hardy,"Hardy, Emma",Labour,Kingston upon Hull West and Hessle,House of Commons,London,SW1A 0AA,emma.hardy.mp@parliament.uk
Harriet,Harman,Ms Harriet Harman,"Harman, Ms Harriet",Labour,Camberwell and Peckham,House of Commons,London,SW1A 0AA,harriet.harman.mp@parliament.uk
Mark,Harper,Mr Mark Harper,"Harper, Mr Mark",Conservative,Forest of Dean,House of Commons,London,SW1A 0AA,mark.harper.mp@parliament.uk
Carolyn,Harris,Carolyn Harris,"Harris, Carolyn",Labour,Swansea East,House of Commons,London,SW1A 0AA,carolyn.harris.mp@parliament.uk
Rebecca,Harris,Rebecca Harris,"Harris, Rebecca",Conservative,Castle Point,House of Commons,London,SW1A 0AA,rebecca.harris.mp@parliament.uk
Trudy,Harrison,Trudy Harrison,"Harrison, Trudy",Conservative,Copeland,House of Commons,London,SW1A 0AA,trudy.harrison.mp@parliament.uk
Sally-Ann,Hart,Sally-Ann Hart,"Hart, Sally-Ann",Conservative,Hastings and Rye,House of Commons,London,SW1A 0AA,sallyann.hart.mp@parliament.uk
Simon,Hart,Simon Hart,"Hart, Simon",Conservative,Carmarthen West and South Pembrokeshire,House of Commons,London,SW1A 0AA,simon.hart.mp@parliament.uk
Helen,Hayes,Helen Hayes,"Hayes, Helen",Labour,Dulwich and West Norwood,House of Commons,London,SW1A 0AA,helen.hayes.mp@parliament.uk
John,Hayes,Sir John Hayes,"Hayes, Sir John",Conservative,South Holland and The Deepings,House of Commons,London,SW1A 0AA,hayesj@parliament.uk
Christopher,Hazzard,Chris Hazzard,"Hazzard, Chris",Sinn Féin,South Down,House of Commons,London,SW1A 0AA,chris.hazzard.mp@parliament.uk
Oliver,Heald,Sir Oliver Heald,"Heald, Sir Oliver",Conservative,North East Hertfordshire,House of Commons,London,SW1A 0AA,Oliver.heald.mp@parliament.uk
John,Healey,John Healey,"Healey, John",Labour,Wentworth and Dearne,House of Commons,London,SW1A 0AA,john.healey.mp@parliament.uk
James,Heappey,James Heappey,"Heappey, James",Conservative,Wells,House of Commons,London,SW1A 0AA,james.heappey.mp@parliament.uk
Christopher,Heaton-Harris,Chris Heaton-Harris,"Heaton-Harris, Chris",Conservative,Daventry,House of Commons,London,SW1A 0AA,chris.heatonharris.mp@parliament.uk
Gordon,Henderson,Gordon Henderson,"Henderson, Gordon",Conservative,Sittingbourne and Sheppey,House of Commons,London,SW1A 0AA,gordon.henderson.mp@parliament.uk
Mark,Hendrick,Sir Mark Hendrick,"Hendrick, Sir Mark",Labour,Preston,House of Commons,London,SW1A 0AA,mark.hendrick.mp@parliament.uk
Andrew,Hendry,Drew Hendry,"Hendry, Drew",Scottish National Party,"Inverness, Nairn, Badenoch and Strathspey",House of Commons,London,SW1A 0AA,drew.hendry.mp@parliament.uk
Darren,Henry,Darren Henry,"Henry, Darren",Conservative,Broxtowe,House of Commons,London,SW1A 0AA,darren.henry.mp@parliament.uk
Antony,Higginbotham,Antony Higginbotham,"Higginbotham, Antony",Conservative,Burnley,House of Commons,London,SW1A 0AA,antony.higginbotham.mp@parliament.uk
Michael,Hill,Mike Hill,"Hill, Mike",Labour,Hartlepool,House of Commons,London,SW1A 0AA,mike.hill.mp@parliament.uk
Margaret,Hillier,Meg Hillier,"Hillier, Meg",Labour,Hackney South and Shoreditch,House of Commons,London,SW1A 0AA,meghilliermp@parliament.uk
Damian,Hinds,Damian Hinds,"Hinds, Damian",Conservative,East Hampshire,House of Commons,London,SW1A 0AA,damian.hinds.mp@parliament.uk
Simon,Hoare,Simon Hoare,"Hoare, Simon",Conservative,North Dorset,House of Commons,London,SW1A 0AA,simon.hoare.mp@parliament.uk
Wera,Hobhouse,Wera Hobhouse,"Hobhouse, Wera",Liberal Democrat,Bath,House of Commons,London,SW1A 0AA,wera.hobhouse.mp@parliament.uk
Margaret,Hodge,Dame Margaret Hodge,"Hodge, Dame Margaret",Labour,Barking,House of Commons,London,SW1A 0AA,hodgem@parliament.uk
Sharon,Hodgson,Mrs Sharon Hodgson,"Hodgson, Mrs Sharon",Labour,Washington and Sunderland West,House of Commons,London,SW1A 0AA,sharon.hodgson.mp@parliament.uk
Richard,Holden,Mr Richard Holden,"Holden, Mr Richard",Conservative,North West Durham,House of Commons,London,SW1A 0AA,richard.holden.mp@parliament.uk
Catherine,Hollern,Kate Hollern,"Hollern, Kate",Labour,Blackburn,House of Commons,London,SW1A 0AA,kate.hollern.mp@parliament.uk
Kevin,Hollinrake,Kevin Hollinrake,"Hollinrake, Kevin",Conservative,Thirsk and Malton,House of Commons,London,SW1A 0AA,kevin.hollinrake.mp@parliament.uk
Philip,Hollobone,Mr Philip Hollobone,"Hollobone, Mr Philip",Conservative,Kettering,House of Commons,London,SW1A 0AA,philip.hollobone.mp@parliament.uk
Adam,Holloway,Adam Holloway,"Holloway, Adam",Conservative,Gravesham,House of Commons,London,SW1A 0AA,hollowaya@parliament.uk
Paul,Holmes,Paul Holmes,"Holmes, Paul",Conservative,Eastleigh,House of Commons,London,SW1A 0AA,paul.holmes.mp@parliament.uk
Rachel,Hopkins,Rachel Hopkins,"Hopkins, Rachel",Labour,Luton South,House of Commons,London,SW1A 0AA,rachel.hopkins.mp@parliament.uk
Stewart,Hosie,Stewart Hosie,"Hosie, Stewart",Scottish National Party,Dundee East,House of Commons,London,SW1A 0AA,hosies@parliament.uk
George,Howarth,Sir George Howarth,"Howarth, Sir George",Labour,Knowsley,House of Commons,London,SW1A 0AA,george.howarth.mp@parliament.uk
John,Howell,John Howell,"Howell, John",Conservative,Henley,House of Commons,London,SW1A 0AA,howelljm@parliament.uk
Paul,Howell,Paul Howell,"Howell, Paul",Conservative,Sedgefield,House of Commons,London,SW1A 0AA,paul.howell.mp@parliament.uk
Lindsay,Hoyle,Sir Lindsay Hoyle,"Hoyle, Sir Lindsay",Speaker,Chorley,House of Commons,London,SW1A 0AA,Lindsay.hoyle.mp@parliament.uk
Nigel,Huddleston,Nigel Huddleston,"Huddleston, Nigel",Conservative,Mid Worcestershire,House of Commons,London,SW1A 0AA,nigel.huddleston.mp@parliament.uk
Neil,Hudson,Dr Neil Hudson,"Hudson, Dr Neil",Conservative,Penrith and The Border,House of Commons,London,SW1A 0AA,neil.hudson.mp@parliament.uk
Edmund,Hughes,Eddie Hughes,"Hughes, Eddie",Conservative,Walsall North,House of Commons,London,SW1A 0AA,eddie.hughes.mp@parliament.uk
Jane,Hunt,Jane Hunt,"Hunt, Jane",Conservative,Loughborough,House of Commons,London,SW1A 0AA,jane.hunt.mp@parliament.uk
Jeremy,Hunt,Jeremy Hunt,"Hunt, Jeremy",Conservative,South West Surrey,House of Commons,London,SW1A 0AA,huntj@parliament.uk
Thomas,Hunt,Tom Hunt,"Hunt, Tom",Conservative,Ipswich,House of Commons,London,SW1A 0AA,tom.hunt.mp@parliament.uk
Rupa,Huq,Dr Rupa Huq,"Huq, Dr Rupa",Labour,Ealing Central and Acton,House of Commons,London,SW1A 0AA,rupa.huq.mp@parliament.uk
Imran,Hussain,Imran Hussain,"Hussain, Imran",Labour,Bradford East,House of Commons,London,SW1A 0AA,imran.hussain.mp@parliament.uk
Alister,Jack,Mr Alister Jack,"Jack, Mr Alister",Conservative,Dumfries and Galloway,House of Commons,London,SW1A 0AA,alister.jack.mp@parliament.uk
Christine,Jardine,Christine Jardine,"Jardine, Christine",Liberal Democrat,Edinburgh West,House of Commons,London,SW1A 0AA,christine.jardine.mp@parliament.uk
Daniel,Jarvis,Dan Jarvis,"Jarvis, Dan",Labour,Barnsley Central,House of Commons,London,SW1A 0AA,dan.jarvis.mp@parliament.uk
Sajid,Javid,Sajid Javid,"Javid, Sajid",Conservative,Bromsgrove,House of Commons,London,SW1A 0AA,sajid.javid.mp@parliament.uk
Ranil,Jayawardena,Mr Ranil Jayawardena,"Jayawardena, Mr Ranil",Conservative,North East Hampshire,House of Commons,London,SW1A 0AA,email@ranil.uk
Bernard,Jenkin,Sir Bernard Jenkin,"Jenkin, Sir Bernard",Conservative,Harwich and North Essex,House of Commons,London,SW1A 0AA,bernard.jenkin.mp@parliament.uk
Mark,Jenkinson,Mark Jenkinson,"Jenkinson, Mark",Conservative,Workington,House of Commons,London,SW1A 0AA,mark.jenkinson.mp@parliament.uk
Andrea,Jenkyns,Andrea Jenkyns,"Jenkyns, Andrea",Conservative,Morley and Outwood,House of Commons,London,SW1A 0AA,andrea.jenkyns.mp@parliament.uk
Robert,Jenrick,Robert Jenrick,"Jenrick, Robert",Conservative,Newark,House of Commons,London,SW1A 0AA,robert.jenrick.mp@parliament.uk
Alexander,Johnson,Boris Johnson,"Johnson, Boris",Conservative,Uxbridge and South Ruislip,House of Commons,London,SW1A 0AA,boris.johnson.mp@parliament.uk
Diana,Johnson,Dame Diana Johnson,"Johnson, Dame Diana",Labour,Kingston upon Hull North,House of Commons,London,SW1A 0AA,johnsond@parliament.uk
Caroline,Johnson,Dr Caroline Johnson,"Johnson, Dr Caroline",Conservative,Sleaford and North Hykeham,House of Commons,London,SW1A 0AA,caroline.johnson.mp@parliament.uk
Gareth,Johnson,Gareth Johnson,"Johnson, Gareth",Conservative,Dartford,House of Commons,London,SW1A 0AA,gareth.johnson.mp@parliament.uk
Kim,Johnson,Kim Johnson,"Johnson, Kim",Labour,"Liverpool, Riverside",House of Commons,London,SW1A 0AA,kim.johnson.mp@parliament.uk
David,Johnston,David Johnston,"Johnston, David",Conservative,Wantage,House of Commons,London,SW1A 0AA,david.johnston.mp@parliament.uk
Andrew,Jones,Andrew Jones,"Jones, Andrew",Conservative,Harrogate and Knaresborough,House of Commons,London,SW1A 0AA,andrew.jones.mp@parliament.uk
Darren,Jones,Darren Jones,"Jones, Darren",Labour,Bristol North West,House of Commons,London,SW1A 0AA,darren.jones.mp@parliament.uk
Fay,Jones,Fay Jones,"Jones, Fay",Conservative,Brecon and Radnorshire,House of Commons,London,SW1A 0AA,fay.jones.mp@parliament.uk
Gerald,Jones,Gerald Jones,"Jones, Gerald",Labour,Merthyr Tydfil and Rhymney,House of Commons,London,SW1A 0AA,gerald.jones.mp@parliament.uk
David,Jones,Mr David Jones,"Jones, Mr David",Conservative,Clwyd West,House of Commons,London,SW1A 0AA,katharine.huggins@parliament.uk
Kevan,Jones,Mr Kevan Jones,"Jones, Mr Kevan",Labour,North Durham,House of Commons,London,SW1A 0AA,kevanjonesmp@parliament.uk
Marcus,Jones,Mr Marcus Jones,"Jones, Mr Marcus",Conservative,Nuneaton,House of Commons,London,SW1A 0AA,marcus.jones.mp@parliament.uk
Ruth,Jones,Ruth Jones,"Jones, Ruth",Labour,Newport West,House of Commons,London,SW1A 0AA,ruth.jones.mp@parliament.uk
Sarah,Jones,Sarah Jones,"Jones, Sarah",Labour,Croydon Central,House of Commons,London,SW1A 0AA,sarah.jones.mp@parliament.uk
Simon,Jupp,Simon Jupp,"Jupp, Simon",Conservative,East Devon,House of Commons,London,SW1A 0AA,simon.jupp.mp@parliament.uk
Michael,Kane,Mike Kane,"Kane, Mike",Labour,Wythenshawe and Sale East,House of Commons,London,SW1A 0AA,mike.kane.mp@parliament.uk
Daniel,Kawczynski,Daniel Kawczynski,"Kawczynski, Daniel",Conservative,Shrewsbury and Atcham,House of Commons,London,SW1A 0AA,daniel.kawczynski.mp@parliament.uk
Alicia,Kearns,Alicia Kearns,"Kearns, Alicia",Conservative,Rutland and Melton,House of Commons,London,SW1A 0AA,alicia.kearns.mp@parliament.uk
Gillian,Keegan,Gillian Keegan,"Keegan, Gillian",Conservative,Chichester,House of Commons,London,SW1A 0AA,gillian.keegan.mp@parliament.uk
Barbara,Keeley,Barbara Keeley,"Keeley, Barbara",Labour,Worsley and Eccles South,House of Commons,London,SW1A 0AA,
Elizabeth,Kendall,Liz Kendall,"Kendall, Liz",Labour,Leicester West,House of Commons,London,SW1A 0AA,liz.kendall.mp@parliament.uk
Mohammed,Khan,Afzal Khan,"Khan, Afzal",Labour,"Manchester, Gorton",House of Commons,London,SW1A 0AA,afzal.khan.mp@parliament.uk
Stephen,Kinnock,Stephen Kinnock,"Kinnock, Stephen",Labour,Aberavon,House of Commons,London,SW1A 0AA,stephen.kinnock.mp@parliament.uk
Julian,Knight,Julian Knight,"Knight, Julian",Conservative,Solihull,House of Commons,London,SW1A 0AA,julian.knight.mp@parliament.uk
Gregory,Knight,Sir Greg Knight,"Knight, Sir Greg",Conservative,East Yorkshire,House of Commons,London,SW1A 0AA,sothcottt@parliament.uk
Daniel,Kruger,Danny Kruger,"Kruger, Danny",Conservative,Devizes,House of Commons,London,SW1A 0AA,
Kwasi,Kwarteng,Kwasi Kwarteng,"Kwarteng, Kwasi",Conservative,Spelthorne,House of Commons,London,SW1A 0AA,kwasi.kwarteng.mp@parliament.uk
Peter,Kyle,Peter Kyle,"Kyle, Peter",Labour,Hove,House of Commons,London,SW1A 0AA,peter.kyle.mp@parliament.uk
Eleanor,Laing,Dame Eleanor Laing,"Laing, Dame Eleanor",Conservative,Epping Forest,House of Commons,London,SW1A 0AA,eleanor.laing.mp@parliament.uk
Ben,Lake,Ben Lake,"Lake, Ben",Plaid Cymru,Ceredigion,House of Commons,London,SW1A 0AA,ben.lake.mp@parliament.uk
David,Lammy,Mr David Lammy,"Lammy, Mr David",Labour,Tottenham,House of Commons,London,SW1A 0AA,lammyd@parliament.uk
John,Lamont,John Lamont,"Lamont, John",Conservative,"Berwickshire, Roxburgh and Selkirk",House of Commons,London,SW1A 0AA,john.lamont.mp@parliament.uk
Robert,Largan,Robert Largan,"Largan, Robert",Conservative,High Peak,House of Commons,London,SW1A 0AA,
Pauline,Latham,Mrs Pauline Latham,"Latham, Mrs Pauline",Conservative,Mid Derbyshire,House of Commons,London,SW1A 0AA,pauline.latham.mp@parliament.uk
Ian,Lavery,Ian Lavery,"Lavery, Ian",Labour,Wansbeck,House of Commons,London,SW1A 0AA,ian.lavery.mp@parliament.uk
Christopher,Law,Chris Law,"Law, Chris",Scottish National Party,Dundee West,House of Commons,London,SW1A 0AA,chris.law.mp@parliament.uk
Andrea,Leadsom,Andrea Leadsom,"Leadsom, Andrea",Conservative,South Northamptonshire,House of Commons,London,SW1A 0AA,andrea.leadsom.mp@parliament.uk
Edward,Leigh,Sir Edward Leigh,"Leigh, Sir Edward",Conservative,Gainsborough,House of Commons,London,SW1A 0AA,edward.leigh.mp@parliament.uk
Ian,Levy,Ian Levy,"Levy, Ian",Conservative,Blyth Valley,House of Commons,London,SW1A 0AA,ian.levy.mp@parliament.uk
Emma,Lewell-Buck,Mrs Emma Lewell-Buck,"Lewell-Buck, Mrs Emma",Labour,South Shields,House of Commons,London,SW1A 0AA,emma.lewell-buck.mp@parliament.uk
Andrew,Lewer,Andrew Lewer,"Lewer, Andrew",Conservative,Northampton South,House of Commons,London,SW1A 0AA,andrew.lewer.mp@parliament.uk
Brandon,Lewis,Brandon Lewis,"Lewis, Brandon",Conservative,Great Yarmouth,House of Commons,London,SW1A 0AA,brandon.lewis.mp@parliament.uk
Clive,Lewis,Clive Lewis,"Lewis, Clive",Labour,Norwich South,House of Commons,London,SW1A 0AA,clive.lewis.mp@parliament.uk
Julian,Lewis,Dr Julian Lewis,"Lewis, Dr Julian",Independent,New Forest East,House of Commons,London,SW1A 0AA,
Ian,Liddell-Grainger,Mr Ian Liddell-Grainger,"Liddell-Grainger, Mr Ian",Conservative,Bridgwater and West Somerset,House of Commons,London,SW1A 0AA,ianlg@parliament.uk
David,Linden,David Linden,"Linden, David",Scottish National Party,Glasgow East,House of Commons,London,SW1A 0AA,david.linden.mp@parliament.uk
Anthony,Lloyd,Tony Lloyd,"Lloyd, Tony",Labour,Rochdale,House of Commons,London,SW1A 0AA,tony.lloyd.mp@parliament.uk
Carla,Lockhart,Carla Lockhart,"Lockhart, Carla",Democratic Unionist Party,Upper Bann,House of Commons,London,SW1A 0AA,carla.lockhart.mp@parliament.uk
Christopher,Loder,Chris Loder,"Loder, Chris",Conservative,West Dorset,House of Commons,London,SW1A 0AA,chris.loder.mp@parliament.uk
Mark,Logan,Mark Logan,"Logan, Mark",Conservative,Bolton North East,House of Commons,London,SW1A 0AA,mark.logan.mp@parliament.uk
Rebecca,Long-Bailey,Rebecca Long Bailey,"Long Bailey, Rebecca",Labour,Salford and Eccles,House of Commons,London,SW1A 0AA,rebecca.longbailey.mp@parliament.uk
Marco,Longhi,Marco Longhi,"Longhi, Marco",Conservative,Dudley North,House of Commons,London,SW1A 0AA,marco.longhi.mp@parliament.uk
Julia,Lopez,Julia Lopez,"Lopez, Julia",Conservative,Hornchurch and Upminster,House of Commons,London,SW1A 0AA,julia.lopez.mp@parliament.uk
Giacomo,Lopresti,Jack Lopresti,"Lopresti, Jack",Conservative,Filton and Bradley Stoke,House of Commons,London,SW1A 0AA,jack.lopresti.mp@parliament.uk
Jonathan,Lord,Mr Jonathan Lord,"Lord, Mr Jonathan",Conservative,Woking,House of Commons,London,SW1A 0AA,jonathan.lord.mp@parliament.uk
Timothy,Loughton,Tim Loughton,"Loughton, Tim",Conservative,East Worthing and Shoreham,House of Commons,London,SW1A 0AA,loughtont@parliament.uk
Caroline,Lucas,Caroline Lucas,"Lucas, Caroline",Green Party,"Brighton, Pavilion",House of Commons,London,SW1A 0AA,caroline.lucas.mp@parliament.uk
Holly,Walker-Lynch,Holly Lynch,"Lynch, Holly",Labour,Halifax,House of Commons,London,SW1A 0AA,holly.lynch.mp@parliament.uk
Kenny,MacAskill,Kenny MacAskill,"MacAskill, Kenny",Scottish National Party,East Lothian,House of Commons,London,SW1A 0AA,kenny.macaskill.mp@parliament.uk
Craig,Mackinlay,Craig Mackinlay,"Mackinlay, Craig",Conservative,South Thanet,House of Commons,London,SW1A 0AA,craig.mackinlay.mp@parliament.uk
Cherilyn,Mackrory,Cherilyn Mackrory,"Mackrory, Cherilyn",Conservative,Truro and Falmouth,House of Commons,London,SW1A 0AA,cherilyn.mackrory.mp@parliament.uk
Rachel,Maclean,Rachel Maclean,"Maclean, Rachel",Conservative,Redditch,House of Commons,London,SW1A 0AA,rachel.maclean.mp@parliament.uk
Angus,MacNeil,Angus Brendan MacNeil,"MacNeil, Angus Brendan",Scottish National Party,Na h-Eileanan an Iar,House of Commons,London,SW1A 0AA,macneila@parliament.uk
Justin,Madders,Justin Madders,"Madders, Justin",Labour,Ellesmere Port and Neston,House of Commons,London,SW1A 0AA,justin.madders.mp@parliament.uk
Khalid,Mahmood,Mr Khalid Mahmood,"Mahmood, Mr Khalid",Labour,"Birmingham, Perry Barr",House of Commons,London,SW1A 0AA,mahmoodk@parliament.uk
Shabana,Mahmood,Shabana Mahmood,"Mahmood, Shabana",Labour,"Birmingham, Ladywood",House of Commons,London,SW1A 0AA,shabana.mahmood.mp@parliament.uk
Alan,Mak,Alan Mak,"Mak, Alan",Conservative,Havant,House of Commons,London,SW1A 0AA,alan.mak.mp@parliament.uk
Seema,Malhotra-Saluja,Seema Malhotra,"Malhotra, Seema",Labour,Feltham and Heston,House of Commons,London,SW1A 0AA,seema.malhotra.mp@parliament.uk
Christopher,Malthouse,Kit Malthouse,"Malthouse, Kit",Conservative,North West Hampshire,House of Commons,London,SW1A 0AA,kit.malthouse.mp@parliament.uk
Anthony,Mangnall,Anthony Mangnall,"Mangnall, Anthony",Conservative,Totnes,House of Commons,London,SW1A 0AA,anthony.mangnall.mp@parliament.uk
Scott,Mann,Scott Mann,"Mann, Scott",Conservative,North Cornwall,House of Commons,London,SW1A 0AA,scott.mann.mp@parliament.uk
Julie,Marson,Julie Marson,"Marson, Julie",Conservative,Hertford and Stortford,House of Commons,London,SW1A 0AA,julie.marson.mp@parliament.uk
Rachael,Maskell,Rachael Maskell,"Maskell, Rachael",Labour,York Central,House of Commons,London,SW1A 0AA,rachael.maskell.mp@parliament.uk
Paul,Maskey,Paul Maskey,"Maskey, Paul",Sinn Féin,Belfast West,House of Commons,London,SW1A 0AA,paul.maskey.mp@parliament.uk
Christian,Matheson,Christian Matheson,"Matheson, Christian",Labour,City of Chester,House of Commons,London,SW1A 0AA,chris.matheson.mp@parliament.uk
Theresa,May,Mrs Theresa May,"May, Mrs Theresa",Conservative,Maidenhead,House of Commons,London,SW1A 0AA,mayt@parliament.uk
Jerome,Mayhew,Jerome Mayhew,"Mayhew, Jerome",Conservative,Broadland,House of Commons,London,SW1A 0AA,jerome.mayhew.mp@parliament.uk
Paul,Maynard,Paul Maynard,"Maynard, Paul",Conservative,Blackpool North and Cleveleys,House of Commons,London,SW1A 0AA,paul.maynard.mp@parliament.uk
Stephen,McCabe,Steve McCabe,"McCabe, Steve",Labour,"Birmingham, Selly Oak",House of Commons,London,SW1A 0AA,mccabes@parliament.uk
Kerry,McCarthy,Kerry McCarthy,"McCarthy, Kerry",Labour,Bristol East,House of Commons,London,SW1A 0AA,kerry.mccarthy.mp@parliament.uk
Jason,McCartney,Jason McCartney,"McCartney, Jason",Conservative,Colne Valley,House of Commons,London,SW1A 0AA,jason.mccartney.mp@parliament.uk
Karl,McCartney,Karl McCartney,"McCartney, Karl",Conservative,Lincoln,House of Commons,London,SW1A 0AA,karl.mccartney.mp@parliament.uk
Siobhain,McDonagh,Siobhain McDonagh,"McDonagh, Siobhain",Labour,Mitcham and Morden,House of Commons,London,SW1A 0AA,mcdonaghs@parliament.uk
Andrew,McDonald,Andy McDonald,"McDonald, Andy",Labour,Middlesbrough,House of Commons,London,SW1A 0AA,andy.mcdonald.2nd@parliament.uk
Stewart,McDonald,Stewart Malcolm McDonald,"McDonald, Stewart Malcolm",Scottish National Party,Glasgow South,House of Commons,London,SW1A 0AA,stewart.mcdonald.mp@parliament.uk
Stuart,McDonald,Stuart C McDonald,"McDonald, Stuart C",Scottish National Party,"Cumbernauld, Kilsyth and Kirkintilloch East",House of Commons,London,SW1A 0AA,stuart.mcdonald.mp@parliament.uk
John,McDonnell,John McDonnell,"McDonnell, John",Labour,Hayes and Harlington,House of Commons,London,SW1A 0AA,mcdonnellj@parliament.uk
Patrick,McFadden,Pat McFadden,"McFadden, Pat",Labour,Wolverhampton South East,House of Commons,London,SW1A 0AA,mcfaddenp@parliament.uk
Conor,McGinn,Conor McGinn,"McGinn, Conor",Labour,St Helens North,House of Commons,London,SW1A 0AA,conor.mcginn.mp@parliament.uk
Alison,McGovern,Alison McGovern,"McGovern, Alison",Labour,Wirral South,House of Commons,London,SW1A 0AA,alison.mcgovern.mp@parliament.uk
Catherine,McKinnell,Catherine McKinnell,"McKinnell, Catherine",Labour,Newcastle upon Tyne North,House of Commons,London,SW1A 0AA,catherine.mckinnell.mp@parliament.uk
Elizabeth Anne,McLaughlin,Anne McLaughlin,"McLaughlin, Anne",Scottish National Party,Glasgow North East,House of Commons,London,SW1A 0AA,anne.mclaughlin.mp@parliament.uk
James,McMahon,Jim McMahon,"McMahon, Jim",Labour,Oldham West and Royton,House of Commons,London,SW1A 0AA,jim.mcmahon.mp@parliament.uk
Anna,McMorrin,Anna McMorrin,"McMorrin, Anna",Labour,Cardiff North,House of Commons,London,SW1A 0AA,anna.mcmorrin.mp@parliament.uk
John,McNally,John McNally,"McNally, John",Scottish National Party,Falkirk,House of Commons,London,SW1A 0AA,john.mcnally.mp@parliament.uk
Stephen,McPartland,Stephen McPartland,"McPartland, Stephen",Conservative,Stevenage,House of Commons,London,SW1A 0AA,
Esther,McVey,Esther McVey,"McVey, Esther",Conservative,Tatton,House of Commons,London,SW1A 0AA,esther.mcvey.mp@parliament.uk
James,Mearns,Ian Mearns,"Mearns, Ian",Labour,Gateshead,House of Commons,London,SW1A 0AA,ian.mearns.mp@parliament.uk
Mark,Menzies,Mark Menzies,"Menzies, Mark",Conservative,Fylde,House of Commons,London,SW1A 0AA,mark.menzies.mp@parliament.uk
John,Mercer,Johnny Mercer,"Mercer, Johnny",Conservative,"Plymouth, Moor View",House of Commons,London,SW1A 0AA,diary@johnnyforplymouth.co.uk
Huw,Merriman,Huw Merriman,"Merriman, Huw",Conservative,Bexhill and Battle,House of Commons,London,SW1A 0AA,huw.merriman.mp@parliament.uk
Stephen,Metcalfe,Stephen Metcalfe,"Metcalfe, Stephen",Conservative,South Basildon and East Thurrock,House of Commons,London,SW1A 0AA,stephen.metcalfe.mp@parliament.uk
Edward,Miliband,Edward Miliband,"Miliband, Edward",Labour,Doncaster North,House of Commons,London,SW1A 0AA,ed.miliband.mp@parliament.uk
Robin,Millar,Robin Millar,"Millar, Robin",Conservative,Aberconwy,House of Commons,London,SW1A 0AA,robin.millar.mp@parliament.uk
Maria,Miller,Mrs Maria Miller,"Miller, Mrs Maria",Conservative,Basingstoke,House of Commons,London,SW1A 0AA,maria.miller.mp@parliament.uk
Amanda,Milling,Amanda Milling,"Milling, Amanda",Conservative,Cannock Chase,House of Commons,London,SW1A 0AA,amanda.milling.mp@parliament.uk
Nigel,Mills,Nigel Mills,"Mills, Nigel",Conservative,Amber Valley,House of Commons,London,SW1A 0AA,nigel.mills.mp@parliament.uk
Navendu,Mishra,Navendu Mishra,"Mishra, Navendu",Labour,Stockport,House of Commons,London,SW1A 0AA,navendu.mishra.mp@parliament.uk
Andrew,Mitchell,Mr Andrew Mitchell,"Mitchell, Mr Andrew",Conservative,Sutton Coldfield,House of Commons,London,SW1A 0AA,andrew.mitchell.mp@parliament.uk
Gagan,Mohindra,Mr Gagan Mohindra,"Mohindra, Mr Gagan",Conservative,South West Hertfordshire,House of Commons,London,SW1A 0AA,gagan.mohindra.mp@parliament.uk
Francis,Molloy,Francie Molloy,"Molloy, Francie",Sinn Féin,Mid Ulster,House of Commons,London,SW1A 0AA,
Carol,Monaghan,Carol Monaghan,"Monaghan, Carol",Scottish National Party,Glasgow North West,House of Commons,London,SW1A 0AA,carol.monaghan.mp@parliament.uk
Damien,Moore,Damien Moore,"Moore, Damien",Conservative,Southport,House of Commons,London,SW1A 0AA,damien.moore.mp@parliament.uk
Robert,Moore,Robbie Moore,"Moore, Robbie",Conservative,Keighley,House of Commons,London,SW1A 0AA,robbie.moore.mp@parliament.uk
Layla,Moran,Layla Moran,"Moran, Layla",Liberal Democrat,Oxford West and Abingdon,House of Commons,London,SW1A 0AA,layla.moran.mp@parliament.uk
Penelope,Mordaunt,Penny Mordaunt,"Mordaunt, Penny",Conservative,Portsmouth North,House of Commons,London,SW1A 0AA,penny.mordaunt.mp@parliament.uk
Jessica,Morden,Jessica Morden,"Morden, Jessica",Labour,Newport East,House of Commons,London,SW1A 0AA,mordenj@parliament.uk
Stephen,Morgan,Stephen Morgan,"Morgan, Stephen",Labour,Portsmouth South,House of Commons,London,SW1A 0AA,stephen.morgan.mp@parliament.uk
Anne Marie,Morris,Anne Marie Morris,"Morris, Anne Marie",Conservative,Newton Abbot,House of Commons,London,SW1A 0AA,annemarie.morris.mp@parliament.uk
David,Morris,David Morris,"Morris, David",Conservative,Morecambe and Lunesdale,House of Commons,London,SW1A 0AA,david.morris.mp@parliament.uk
Grahame,Morris,Grahame Morris,"Morris, Grahame",Labour,Easington,House of Commons,London,SW1A 0AA,grahame.morris.mp@parliament.uk
James,Morris,James Morris,"Morris, James",Conservative,Halesowen and Rowley Regis,House of Commons,London,SW1A 0AA,james.morris.mp@parliament.uk
Joy,Morrissey,Joy Morrissey,"Morrissey, Joy",Conservative,Beaconsfield,House of Commons,London,SW1A 0AA,joy.morrissey.mp@parliament.uk
Wendy,Morton,Wendy Morton,"Morton, Wendy",Conservative,Aldridge-Brownhills,House of Commons,London,SW1A 0AA,wendy.morton.mp@parliament.uk
Kieran,Mullan,Dr Kieran Mullan,"Mullan, Dr Kieran",Conservative,Crewe and Nantwich,House of Commons,London,SW1A 0AA,kieran.mullan.mp@parliament.uk
Holly,Mumby-Croft,Holly Mumby-Croft,"Mumby-Croft, Holly",Conservative,Scunthorpe,House of Commons,London,SW1A 0AA,holly.mumbycroft.mp@parliament.uk
David,Mundell,David Mundell,"Mundell, David",Conservative,"Dumfriesshire, Clydesdale and Tweeddale",House of Commons,London,SW1A 0AA,david.mundell.mp@parliament.uk
Ian,Murray,Ian Murray,"Murray, Ian",Labour,Edinburgh South,House of Commons,London,SW1A 0AA,ian.murray.mp@parliament.uk
James,Murray,James Murray,"Murray, James",Labour,Ealing North,House of Commons,London,SW1A 0AA,james.murray.mp@parliament.uk
Sheryll,Murray,Mrs Sheryll Murray,"Murray, Mrs Sheryll",Conservative,South East Cornwall,House of Commons,London,SW1A 0AA,sheryll.murray.mp@parliament.uk
Andrew,Murrison,Dr Andrew Murrison,"Murrison, Dr Andrew",Conservative,South West Wiltshire,House of Commons,London,SW1A 0AA,murrisona@parliament.uk
Lisa,Nandy,Lisa Nandy,"Nandy, Lisa",Labour,Wigan,House of Commons,London,SW1A 0AA,lisa.nandy.mp@parliament.uk
Robert,Neill,Sir Robert Neill,"Neill, Sir Robert",Conservative,Bromley and Chislehurst,House of Commons,London,SW1A 0AA,bob.neill.mp@parliament.uk
Gavin,Newlands,Gavin Newlands,"Newlands, Gavin",Scottish National Party,Paisley and Renfrewshire North,House of Commons,London,SW1A 0AA,gavin.newlands.mp@parliament.uk
Charlotte,Nichols,Charlotte Nichols,"Nichols, Charlotte",Labour,Warrington North,House of Commons,London,SW1A 0AA,charlotte.nichols.mp@parliament.uk
Lia,Nici-Townend,Lia Nici,"Nici, Lia",Conservative,Great Grimsby,House of Commons,London,SW1A 0AA,lia.nici.mp@parliament.uk
John,Nicolson,John Nicolson,"Nicolson, John",Scottish National Party,Ochil and South Perthshire,House of Commons,London,SW1A 0AA,john.nicolson.mp@parliament.uk
Caroline,Nokes,Caroline Nokes,"Nokes, Caroline",Conservative,Romsey and Southampton North,House of Commons,London,SW1A 0AA,caroline.nokes.mp@parliament.uk
Alexander,Norman,Jesse Norman,"Norman, Jesse",Conservative,Hereford and South Herefordshire,House of Commons,London,SW1A 0AA,jesse.norman.mp@parliament.uk
Alexander,Norris,Alex Norris,"Norris, Alex",Labour,Nottingham North,House of Commons,London,SW1A 0AA,alex.norris.mp@parliament.uk
Neil,O'Brien,Neil O'Brien,"O'Brien, Neil",Conservative,Harborough,House of Commons,London,SW1A 0AA,neil.obrien.mp@parliament.uk
Matthew,Offord,Dr Matthew Offord,"Offord, Dr Matthew",Conservative,Hendon,House of Commons,London,SW1A 0AA,matthew.offord.mp@parliament.uk
Brendan,O'Hara,Brendan O'Hara,"O'Hara, Brendan",Scottish National Party,Argyll and Bute,House of Commons,London,SW1A 0AA,brendan.ohara.mp@parliament.uk
Sarah,Olney,Sarah Olney,"Olney, Sarah",Liberal Democrat,Richmond Park,House of Commons,London,SW1A 0AA,sarah.olney.mp@parliament.uk
Chinyelu,Onwurah,Chi Onwurah,"Onwurah, Chi",Labour,Newcastle upon Tyne Central,House of Commons,London,SW1A 0AA,chi.onwurah.mp@parliament.uk
Guy,Opperman,Guy Opperman,"Opperman, Guy",Conservative,Hexham,House of Commons,London,SW1A 0AA,guy.opperman@parliament.uk
Abena,Oppong-Asare,Abena Oppong-Asare,"Oppong-Asare, Abena",Labour,Erith and Thamesmead,House of Commons,London,SW1A 0AA,abena.oppongasare.mp@parliament.uk
Kate,Osamor,Kate Osamor,"Osamor, Kate",Labour,Edmonton,House of Commons,London,SW1A 0AA,kate.osamor.mp@parliament.uk
Katharine,Brooks-Osborne,Kate Osborne,"Osborne, Kate",Labour,Jarrow,House of Commons,London,SW1A 0AA,kate.osborne.mp@parliament.uk
Kirsten,Oswald,Kirsten Oswald,"Oswald, Kirsten",Scottish National Party,East Renfrewshire,House of Commons,London,SW1A 0AA,kirsten.oswald.mp@parliament.uk
Taiwo,Owatemi,Taiwo Owatemi,"Owatemi, Taiwo",Labour,Coventry North West,House of Commons,London,SW1A 0AA,taiwo.owatemi.mp@parliament.uk
Sarah,Owen,Sarah Owen,"Owen, Sarah",Labour,Luton North,House of Commons,London,SW1A 0AA,sarah.owen.mp@parliament.uk
Ian,Paisley,Ian Paisley,"Paisley, Ian",Democratic Unionist Party,North Antrim,House of Commons,London,SW1A 0AA,ian.paisley.mp@parliament.uk
Neil,Parish,Neil Parish,"Parish, Neil",Conservative,Tiverton and Honiton,House of Commons,London,SW1A 0AA,neil.parish.mp@parliament.uk
Priti,Patel,Priti Patel,"Patel, Priti",Conservative,Witham,House of Commons,London,SW1A 0AA,withammp@parliament.uk
Owen,Paterson,Mr Owen Paterson,"Paterson, Mr Owen",Conservative,North Shropshire,House of Commons,London,SW1A 0AA,Patersono@parliament.uk
Mark,Pawsey,Mark Pawsey,"Pawsey, Mark",Conservative,Rugby,House of Commons,London,SW1A 0AA,mark.pawsey.mp@parliament.uk
Stephanie,Peacock,Stephanie Peacock,"Peacock, Stephanie",Labour,Barnsley East,House of Commons,London,SW1A 0AA,stephanie.peacock.mp@parliament.uk
Michael,Penning,Sir Mike Penning,"Penning, Sir Mike",Conservative,Hemel Hempstead,House of Commons,London,SW1A 0AA,mike.penning.mp@parliament.uk
Matthew,Pennycook,Matthew Pennycook,"Pennycook, Matthew",Labour,Greenwich and Woolwich,House of Commons,London,SW1A 0AA,matthew.pennycook.mp@parliament.uk
John,Penrose,John Penrose,"Penrose, John",Conservative,Weston-super-Mare,House of Commons,London,SW1A 0AA,teresa.ridley@parliament.uk
Andrew,Percy,Andrew Percy,"Percy, Andrew",Conservative,Brigg and Goole,House of Commons,London,SW1A 0AA,andrew.percy.mp@parliament.uk
Matthew,Perkins,Mr Toby Perkins,"Perkins, Mr Toby",Labour,Chesterfield,House of Commons,London,SW1A 0AA,toby.perkins.mp@parliament.uk
Jessica,Phillips,Jess Phillips,"Phillips, Jess",Labour,"Birmingham, Yardley",House of Commons,London,SW1A 0AA,jess.phillips.mp@parliament.uk
Bridget,Phillipson,Bridget Phillipson,"Phillipson, Bridget",Labour,Houghton and Sunderland South,House of Commons,London,SW1A 0AA,bridget.phillipson.mp@parliament.uk
Chris,Philp,Chris Philp,"Philp, Chris",Conservative,Croydon South,House of Commons,London,SW1A 0AA,chris.philp.mp@parliament.uk
Christopher,Pincher,Christopher Pincher,"Pincher, Christopher",Conservative,Tamworth,House of Commons,London,SW1A 0AA,christopher.pincher.mp@parliament.uk
Luke,Pollard,Luke Pollard,"Pollard, Luke",Labour,"Plymouth, Sutton and Devonport",House of Commons,London,SW1A 0AA,luke.pollard.mp@parliament.uk
Daniel,Poulter,Dr Dan Poulter,"Poulter, Dr Dan",Conservative,Central Suffolk and North Ipswich,House of Commons,London,SW1A 0AA,daniel.poulter.mp@parliament.uk
Rebecca,Clark (Pow),Rebecca Pow,"Pow, Rebecca",Conservative,Taunton Deane,House of Commons,London,SW1A 0AA,rebecca.pow.mp@parliament.uk
Lucy,Powell,Lucy Powell,"Powell, Lucy",Labour,Manchester Central,House of Commons,London,SW1A 0AA,contact@lucypowell.org.uk
Victoria,Prentis,Victoria Prentis,"Prentis, Victoria",Conservative,Banbury,House of Commons,London,SW1A 0AA,victoria.prentis.mp@parliament.uk
Mark,Pritchard,Mark Pritchard,"Pritchard, Mark",Conservative,The Wrekin,House of Commons,London,SW1A 0AA,pritchardm@parliament.uk
Thomas,Pursglove,Tom Pursglove,"Pursglove, Tom",Conservative,Corby,House of Commons,London,SW1A 0AA,tom.pursglove.mp@parliament.uk
Jeremy,Quin,Jeremy Quin,"Quin, Jeremy",Conservative,Horsham,House of Commons,London,SW1A 0AA,jeremy.quin.mp@parliament.uk
William,Quince,Will Quince,"Quince, Will",Conservative,Colchester,House of Commons,London,SW1A 0AA,will.quince.mp@parliament.uk
Yasmin,Qureshi,Yasmin Qureshi,"Qureshi, Yasmin",Labour,Bolton South East,House of Commons,London,SW1A 0AA,yasmin.qureshi.mp@parliament.uk
Dominic,Raab,Dominic Raab,"Raab, Dominic",Conservative,Esher and Walton,House of Commons,London,SW1A 0AA,dominic.raab.mp@parliament.uk
Thomas,Randall,Tom Randall,"Randall, Tom",Conservative,Gedling,House of Commons,London,SW1A 0AA,tom.randall.mp@parliament.uk
Angela,Rayner,Angela Rayner,"Rayner, Angela",Labour,Ashton-under-Lyne,House of Commons,London,SW1A 0AA,angela.rayner.mp@parliament.uk
John,Redwood,John Redwood,"Redwood, John",Conservative,Wokingham,House of Commons,London,SW1A 0AA,john.redwood.mp@parliament.uk
Steven,Reed,Steve Reed,"Reed, Steve",Labour,Croydon North,House of Commons,London,SW1A 0AA,steve.reed.mp@parliament.uk
Christina,Rees,Christina Rees,"Rees, Christina",Labour,Neath,House of Commons,London,SW1A 0AA,christina.rees.mp@parliament.uk
Jacob,Rees-Mogg,Mr Jacob Rees-Mogg,"Rees-Mogg, Mr Jacob",Conservative,North East Somerset,House of Commons,London,SW1A 0AA,jacob.reesmogg.mp@parliament.uk
Eleanor,Reeves,Ellie Reeves,"Reeves, Ellie",Labour,Lewisham West and Penge,House of Commons,London,SW1A 0AA,ellie.reeves.mp@parliament.uk
Rachel,Reeves,Rachel Reeves,"Reeves, Rachel",Labour,Leeds West,House of Commons,London,SW1A 0AA,rachel.reeves.mp@parliament.uk
Jonathan,Reynolds,Jonathan Reynolds,"Reynolds, Jonathan",Labour,Stalybridge and Hyde,House of Commons,London,SW1A 0AA,jonathan.reynolds.mp@parliament.uk
Bellavia,Ribeiro-Addy,Bell Ribeiro-Addy,"Ribeiro-Addy, Bell",Labour,Streatham,House of Commons,London,SW1A 0AA,bell.ribeiroaddy.mp@parliament.uk
Nicola,Richards,Nicola Richards,"Richards, Nicola",Conservative,West Bromwich East,House of Commons,London,SW1A 0AA,nicola.richards.mp@parliament.uk
Angela,Richardson,Angela Richardson,"Richardson, Angela",Conservative,Guildford,House of Commons,London,SW1A 0AA,angela.richardson.mp@parliament.uk
Marie,Rimmer,Ms Marie Rimmer,"Rimmer, Ms Marie",Labour,St Helens South and Whiston,House of Commons,London,SW1A 0AA,marie.rimmer.mp@parliament.uk
Robert,Roberts,Rob Roberts,"Roberts, Rob",Conservative,Delyn,House of Commons,London,SW1A 0AA,rob.roberts.mp@parliament.uk
Laurence,Robertson,Mr Laurence Robertson,"Robertson, Mr Laurence",Conservative,Tewkesbury,House of Commons,London,SW1A 0AA,robertsonl@parliament.uk
Gavin,Robinson,Gavin Robinson,"Robinson, Gavin",Democratic Unionist Party,Belfast East,House of Commons,London,SW1A 0AA,gavin.robinson.mp@parliament.uk
Mary,Robinson,Mary Robinson,"Robinson, Mary",Conservative,Cheadle,House of Commons,London,SW1A 0AA,mary.robinson.mp@parliament.uk
Mathew,Rodda,Matt Rodda,"Rodda, Matt",Labour,Reading East,House of Commons,London,SW1A 0AA,matt.rodda.mp@parliament.uk
Andrew,Rosindell,Andrew Rosindell,"Rosindell, Andrew",Conservative,Romford,House of Commons,London,SW1A 0AA,andrew.rosindell.mp@parliament.uk
Douglas,Ross,Douglas Ross,"Ross, Douglas",Conservative,Moray,House of Commons,London,SW1A 0AA,douglas.ross.mp@parliament.uk
Lee,Rowley,Lee Rowley,"Rowley, Lee",Conservative,North East Derbyshire,House of Commons,London,SW1A 0AA,lee.rowley.mp@parliament.uk
Dean,Russell,Dean Russell,"Russell, Dean",Conservative,Watford,House of Commons,London,SW1A 0AA,dean.russell.mp@parliament.uk
Lloyd,Russell-Moyle,Lloyd Russell-Moyle,"Russell-Moyle, Lloyd",Labour,"Brighton, Kemptown",House of Commons,London,SW1A 0AA,lloyd.russellmoyle.mp@parliament.uk
David,Rutley,David Rutley,"Rutley, David",Conservative,Macclesfield,House of Commons,London,SW1A 0AA,david.rutley.mp@parliament.uk
Gary,Sambrook,Gary Sambrook,"Sambrook, Gary",Conservative,"Birmingham, Northfield",House of Commons,London,SW1A 0AA,gary.sambrook.mp@parliament.uk
Liz,Saville Roberts,Liz Saville Roberts,"Saville Roberts, Liz",Plaid Cymru,Dwyfor Meirionnydd,House of Commons,London,SW1A 0AA,liz.savilleroberts.mp@parliament.uk
Selaine,Saxby,Selaine Saxby,"Saxby, Selaine",Conservative,North Devon,House of Commons,London,SW1A 0AA,selaine.saxby.mp@parliament.uk
Paul,Scully,Paul Scully,"Scully, Paul",Conservative,Sutton and Cheam,House of Commons,London,SW1A 0AA,paul.scully.mp@parliament.uk
Robert,Seely,Bob Seely,"Seely, Bob",Conservative,Isle of Wight,House of Commons,London,SW1A 0AA,bob.seely.mp@parliament.uk
Andrew,Selous,Andrew Selous,"Selous, Andrew",Conservative,South West Bedfordshire,House of Commons,London,SW1A 0AA,andrew.selous.mp@parliament.uk
Naseem,Shah,Naz Shah,"Shah, Naz",Labour,Bradford West,House of Commons,London,SW1A 0AA,naz.shah.mp@parliament.uk
Richard,Shannon,Jim Shannon,"Shannon, Jim",Democratic Unionist Party,Strangford,House of Commons,London,SW1A 0AA,jim.shannon.mp@parliament.uk
Grant,Shapps,Grant Shapps,"Shapps, Grant",Conservative,Welwyn Hatfield,House of Commons,London,SW1A 0AA,shappsg@parliament.uk
Alok,Sharma,Alok Sharma,"Sharma, Alok",Conservative,Reading West,House of Commons,London,SW1A 0AA,alok.sharma.mp@parliament.uk
Virendra,Sharma,Mr Virendra Sharma,"Sharma, Mr Virendra",Labour,"Ealing, Southall",House of Commons,London,SW1A 0AA,sharmav@parliament.uk
Barry,Sheerman,Mr Barry Sheerman,"Sheerman, Mr Barry",Labour,Huddersfield,House of Commons,London,SW1A 0AA,sheermanb@parliament.uk
Alec,Shelbrooke,Alec Shelbrooke,"Shelbrooke, Alec",Conservative,Elmet and Rothwell,House of Commons,London,SW1A 0AA,alec.shelbrooke.mp@parliament.uk
Thomas,Sheppard,Tommy Sheppard,"Sheppard, Tommy",Scottish National Party,Edinburgh East,House of Commons,London,SW1A 0AA,tommy.sheppard.mp@parliament.uk
Tulip,Siddiq,Tulip Siddiq,"Siddiq, Tulip",Labour,Hampstead and Kilburn,House of Commons,London,SW1A 0AA,tulip.siddiq.mp@parliament.uk
David,Simmonds,David Simmonds,"Simmonds, David",Conservative,"Ruislip, Northwood and Pinner",House of Commons,London,SW1A 0AA,david.simmonds.mp@parliament.uk
Christopher,Skidmore,Chris Skidmore,"Skidmore, Chris",Conservative,Kingswood,House of Commons,London,SW1A 0AA,chris.skidmore.mp@parliament.uk
Andrew,Slaughter,Andy Slaughter,"Slaughter, Andy",Labour,Hammersmith,House of Commons,London,SW1A 0AA,slaughtera@parliament.uk
Alyn,Smith,Alyn Smith,"Smith, Alyn",Scottish National Party,Stirling,House of Commons,London,SW1A 0AA,alyn.smith.mp@parliament.uk
Catherine,Smith,Cat Smith,"Smith, Cat",Labour,Lancaster and Fleetwood,House of Commons,London,SW1A 0AA,cat.smith.mp@parliament.uk
Chloe,Smith,Chloe Smith,"Smith, Chloe",Conservative,Norwich North,House of Commons,London,SW1A 0AA,
Greg,Smith,Greg Smith,"Smith, Greg",Conservative,Buckingham,House of Commons,London,SW1A 0AA,greg.smith.mp@parliament.uk
Henry,Smith,Henry Smith,"Smith, Henry",Conservative,Crawley,House of Commons,London,SW1A 0AA,henry.smith.mp@parliament.uk
Jeffrey,Smith,Jeff Smith,"Smith, Jeff",Labour,"Manchester, Withington",House of Commons,London,SW1A 0AA,jeff.smith.mp@parliament.uk
Julian,Smith,Julian Smith,"Smith, Julian",Conservative,Skipton and Ripon,House of Commons,London,SW1A 0AA,julian.smith.mp@parliament.uk
Nicholas,Smith,Nick Smith,"Smith, Nick",Labour,Blaenau Gwent,House of Commons,London,SW1A 0AA,nick.smith.mp@parliament.uk
Royston,Smith,Royston Smith,"Smith, Royston",Conservative,"Southampton, Itchen",House of Commons,London,SW1A 0AA,royston.smith.mp@parliament.uk
Karin,Smyth,Karin Smyth,"Smyth, Karin",Labour,Bristol South,House of Commons,London,SW1A 0AA,karin.smyth.mp@parliament.uk
Alexander,Sobel,Alex Sobel,"Sobel, Alex",Labour,Leeds North West,House of Commons,London,SW1A 0AA,alex.sobel.mp@parliament.uk
Amanda,Solloway,Amanda Solloway,"Solloway, Amanda",Conservative,Derby North,House of Commons,London,SW1A 0AA,amanda.solloway.mp@parliament.uk
John,Spellar,John Spellar,"Spellar, John",Labour,Warley,House of Commons,London,SW1A 0AA,john.spellar.mp@parliament.uk
Ben,Spencer,Dr Ben Spencer,"Spencer, Dr Ben",Conservative,Runnymede and Weybridge,House of Commons,London,SW1A 0AA,ben.spencer.mp@parliament.uk
Mark,Spencer,Mark Spencer,"Spencer, Mark",Conservative,Sherwood,House of Commons,London,SW1A 0AA,mark.spencer.mp@parliament.uk
Alexander,Stafford,Alexander Stafford,"Stafford, Alexander",Conservative,Rother Valley,House of Commons,London,SW1A 0AA,alexander.stafford.mp@parliament.uk
Keir,Starmer,Keir Starmer,"Starmer, Keir",Labour,Holborn and St Pancras,House of Commons,London,SW1A 0AA,keir.starmer.mp@parliament.uk
Christopher,Stephens,Chris Stephens,"Stephens, Chris",Scottish National Party,Glasgow South West,House of Commons,London,SW1A 0AA,chris.stephens.mp@parliament.uk
Andrew,Stephenson,Andrew Stephenson,"Stephenson, Andrew",Conservative,Pendle,House of Commons,London,SW1A 0AA,andrew.stephenson.mp@parliament.uk
Joanna,Stevens,Jo Stevens,"Stevens, Jo",Labour,Cardiff Central,House of Commons,London,SW1A 0AA,jo.stevens.mp@parliament.uk
Jane,Stevenson,Jane Stevenson,"Stevenson, Jane",Conservative,Wolverhampton North East,House of Commons,London,SW1A 0AA,jane.stevenson.mp@parliament.uk
Andrew,Stevenson,John Stevenson,"Stevenson, John",Conservative,Carlisle,House of Commons,London,SW1A 0AA,john.stevenson.mp@parliament.uk
Robert,Stewart,Bob Stewart,"Stewart, Bob",Conservative,Beckenham,House of Commons,London,SW1A 0AA,bob.stewart.mp@parliament.uk
Iain,Stewart,Iain Stewart,"Stewart, Iain",Conservative,Milton Keynes South,House of Commons,London,SW1A 0AA,iain.stewart.mp@parliament.uk
Jamie,Stone,Jamie Stone,"Stone, Jamie",Liberal Democrat,"Caithness, Sutherland and Easter Ross",House of Commons,London,SW1A 0AA,jamie.stone.mp@parliament.uk
Gary,Streeter,Sir Gary Streeter,"Streeter, Sir Gary",Conservative,South West Devon,House of Commons,London,SW1A 0AA,deans@parliament.uk
Wesley,Streeting,Wes Streeting,"Streeting, Wes",Labour,Ilford North,House of Commons,London,SW1A 0AA,wes.streeting.mp@parliament.uk
Melvyn,Stride,Mel Stride,"Stride, Mel",Conservative,Central Devon,House of Commons,London,SW1A 0AA,mel.stride.mp@parliament.uk
Graham,Stringer,Graham Stringer,"Stringer, Graham",Labour,Blackley and Broughton,House of Commons,London,SW1A 0AA,graham.stringer.mp@parliament.uk
Graham,Stuart,Graham Stuart,"Stuart, Graham",Conservative,Beverley and Holderness,House of Commons,London,SW1A 0AA,grahamstuartmp@parliament.uk
Julian,Sturdy,Julian Sturdy,"Sturdy, Julian",Conservative,York Outer,House of Commons,London,SW1A 0AA,julian.sturdy.mp@parliament.uk
Zarah,Sultana,Zarah Sultana,"Sultana, Zarah",Labour,Coventry South,House of Commons,London,SW1A 0AA,zarah.sultana.mp@parliament.uk
Rishi,Sunak,Rishi Sunak,"Sunak, Rishi",Conservative,Richmond (Yorks),House of Commons,London,SW1A 0AA,rishi.sunak.mp@parliament.uk
James,Sunderland,James Sunderland,"Sunderland, James",Conservative,Bracknell,House of Commons,London,SW1A 0AA,james.sunderland.mp@parliament.uk
Desmond,Swayne,Sir Desmond Swayne,"Swayne, Sir Desmond",Conservative,New Forest West,House of Commons,London,SW1A 0AA,swayned@parliament.uk
Robert,Syms,Sir Robert Syms,"Syms, Sir Robert",Conservative,Poole,House of Commons,London,SW1A 0AA,symsmp.office@parliament.uk
Mark,Tami,Mark Tami,"Tami, Mark",Labour,Alyn and Deeside,House of Commons,London,SW1A 0AA,tamim@parliament.uk
Samuel,Tarry,Sam Tarry,"Tarry, Sam",Labour,Ilford South,House of Commons,London,SW1A 0AA,sam.tarry.mp@parliament.uk
Alison,Thewliss,Alison Thewliss,"Thewliss, Alison",Scottish National Party,Glasgow Central,House of Commons,London,SW1A 0AA,alison.thewliss.mp@parliament.uk
Derek,Thomas,Derek Thomas,"Thomas, Derek",Conservative,St Ives,House of Commons,London,SW1A 0AA,derek.thomas.mp@parliament.uk
Gareth,Thomas,Gareth Thomas,"Thomas, Gareth",Labour,Harrow West,House of Commons,London,SW1A 0AA,gareth.thomas.mp@parliament.uk
Nicklaus,Thomas-Symonds,Nick Thomas-Symonds,"Thomas-Symonds, Nick",Labour,Torfaen,House of Commons,London,SW1A 0AA,nick.thomassymonds.mp@parliament.uk
Owen,Thompson,Owen Thompson,"Thompson, Owen",Scottish National Party,Midlothian,House of Commons,London,SW1A 0AA,owen.thompson.mp@parliament.uk
Richard,Thomson,Richard Thomson,"Thomson, Richard",Scottish National Party,Gordon,House of Commons,London,SW1A 0AA,richard.thomson.mp@parliament.uk
Emily,Thornberry,Emily Thornberry,"Thornberry, Emily",Labour,Islington South and Finsbury,House of Commons,London,SW1A 0AA,thornberrye@parliament.uk
Margaret,Throup,Maggie Throup,"Throup, Maggie",Conservative,Erewash,House of Commons,London,SW1A 0AA,maggie.throup.mp@parliament.uk
Stephen,Timms,Stephen Timms,"Timms, Stephen",Labour,East Ham,House of Commons,London,SW1A 0AA,timmss@parliament.uk
Anthony,Timpson,Edward Timpson,"Timpson, Edward",Conservative,Eddisbury,House of Commons,London,SW1A 0AA,edward.timpson.mp@parliament.uk
Kelly,Tolhurst,Kelly Tolhurst,"Tolhurst, Kelly",Conservative,Rochester and Strood,House of Commons,London,SW1A 0AA,kelly.tolhurst.mp@parliament.uk
Justin,Tomlinson,Justin Tomlinson,"Tomlinson, Justin",Conservative,North Swindon,House of Commons,London,SW1A 0AA,justin.tomlinson.mp@parliament.uk
Michael,Tomlinson-Mynors,Michael Tomlinson,"Tomlinson, Michael",Conservative,Mid Dorset and North Poole,House of Commons,London,SW1A 0AA,michael.tomlinson.mp@parliament.uk
Craig,Tracey,Craig Tracey,"Tracey, Craig",Conservative,North Warwickshire,House of Commons,London,SW1A 0AA,craig.tracey.mp@parliament.uk
Anne-Marie,Trevelyan,Anne-Marie Trevelyan,"Trevelyan, Anne-Marie",Conservative,Berwick-upon-Tweed,House of Commons,London,SW1A 0AA,annemarie.trevelyan.mp@parliament.uk
Jon,Trickett,Jon Trickett,"Trickett, Jon",Labour,Hemsworth,House of Commons,London,SW1A 0AA,trickettj@parliament.uk
Laura,Trott,Laura Trott,"Trott, Laura",Conservative,Sevenoaks,House of Commons,London,SW1A 0AA,laura.trott.mp@parliament.uk
Elizabeth,Truss,Elizabeth Truss,"Truss, Elizabeth",Conservative,South West Norfolk,House of Commons,London,SW1A 0AA,elizabeth.truss.mp@parliament.uk
Thomas,Tugendhat,Tom Tugendhat,"Tugendhat, Tom",Conservative,Tonbridge and Malling,House of Commons,London,SW1A 0AA,tom.tugendhat.mp@parliament.uk
Karl,Turner,Karl Turner,"Turner, Karl",Labour,Kingston upon Hull East,House of Commons,London,SW1A 0AA,karl.turner.mp@parliament.uk
John,Twigg,Derek Twigg,"Twigg, Derek",Labour,Halton,House of Commons,London,SW1A 0AA,derek.twigg.mp@parliament.uk
Mary,Twist,Liz Twist,"Twist, Liz",Labour,Blaydon,House of Commons,London,SW1A 0AA,liz.twist.mp@parliament.uk
Shailesh,Vara,Mr Shailesh Vara,"Vara, Mr Shailesh",Conservative,North West Cambridgeshire,House of Commons,London,SW1A 0AA,shailesh.vara.mp@parliament.uk
Valerie,Vaz,Valerie Vaz,"Vaz, Valerie",Labour,Walsall South,House of Commons,London,SW1A 0AA,valerie.vaz.mp@parliament.uk
Martin,Vickers,Martin Vickers,"Vickers, Martin",Conservative,Cleethorpes,House of Commons,London,SW1A 0AA,martin.vickers.mp@parliament.uk
Matthew,Vickers,Matt Vickers,"Vickers, Matt",Conservative,Stockton South,House of Commons,London,SW1A 0AA,matt.vickers.mp@parliament.uk
Theresa,Villiers,Theresa Villiers,"Villiers, Theresa",Conservative,Chipping Barnet,House of Commons,London,SW1A 0AA,
Christian,Wakeford,Christian Wakeford,"Wakeford, Christian",Conservative,Bury South,House of Commons,London,SW1A 0AA,christian.wakeford.mp@parliament.uk
Robin,Walker,Mr Robin Walker,"Walker, Mr Robin",Conservative,Worcester,House of Commons,London,SW1A 0AA,robin.walker.mp@parliament.uk
Charles,Walker,Sir Charles Walker,"Walker, Sir Charles",Conservative,Broxbourne,House of Commons,London,SW1A 0AA,charles.walker.mp@parliament.uk
Robert,Wallace,Mr Ben Wallace,"Wallace, Mr Ben",Conservative,Wyre and Preston North,House of Commons,London,SW1A 0AA,wallaceb@parliament.uk
Jamie,Wallis,Dr Jamie Wallis,"Wallis, Dr Jamie",Conservative,Bridgend,House of Commons,London,SW1A 0AA,jamie.wallis.mp@parliament.uk
David,Warburton,David Warburton,"Warburton, David",Conservative,Somerton and Frome,House of Commons,London,SW1A 0AA,david.warburton.mp@parliament.uk
Matthew,Warman,Matt Warman,"Warman, Matt",Conservative,Boston and Skegness,House of Commons,London,SW1A 0AA,matt.warman.mp@parliament.uk
Giles,Watling,Giles Watling,"Watling, Giles",Conservative,Clacton,House of Commons,London,SW1A 0AA,giles.watling.mp@parliament.uk
Suzanne,Webb,Suzanne Webb,"Webb, Suzanne",Conservative,Stourbridge,House of Commons,London,SW1A 0AA,suzanne.webb.mp@parliament.uk
Claudia,Webbe,Claudia Webbe,"Webbe, Claudia",Independent,Leicester East,House of Commons,London,SW1A 0AA,claudia.webbe.mp@parliament.uk
Catherine,West,Catherine West,"West, Catherine",Labour,Hornsey and Wood Green,House of Commons,London,SW1A 0AA,catherine.west.mp@parliament.uk
Matthew,Western,Matt Western,"Western, Matt",Labour,Warwick and Leamington,House of Commons,London,SW1A 0AA,matt.western.mp@parliament.uk
Helen,Whately,Helen Whately,"Whately, Helen",Conservative,Faversham and Mid Kent,House of Commons,London,SW1A 0AA,helen.whately.mp@parliament.uk
Heather,Wheeler,Mrs Heather Wheeler,"Wheeler, Mrs Heather",Conservative,South Derbyshire,House of Commons,London,SW1A 0AA,heather.wheeler.mp@parliament.uk
Alan,Whitehead,Dr Alan Whitehead,"Whitehead, Dr Alan",Labour,"Southampton, Test",House of Commons,London,SW1A 0AA,whiteheada@parliament.uk
Philippa,Whitford,Dr Philippa Whitford,"Whitford, Dr Philippa",Scottish National Party,Central Ayrshire,House of Commons,London,SW1A 0AA,philippa.whitford.mp@parliament.uk
Michael,Whitley,Mick Whitley,"Whitley, Mick",Labour,Birkenhead,House of Commons,London,SW1A 0AA,mick.whitley.mp@parliament.uk
Craig,Whittaker,Craig Whittaker,"Whittaker, Craig",Conservative,Calder Valley,House of Commons,London,SW1A 0AA,craig.whittaker.mp@parliament.uk
John,Whittingdale,Mr John Whittingdale,"Whittingdale, Mr John",Conservative,Maldon,House of Commons,London,SW1A 0AA,john.whittingdale.mp@parliament.uk
Nadia,Whittome,Nadia Whittome,"Whittome, Nadia",Labour,Nottingham East,House of Commons,London,SW1A 0AA,nadia.whittome.mp@parliament.uk
William,Wiggin,Bill Wiggin,"Wiggin, Bill",Conservative,North Herefordshire,House of Commons,London,SW1A 0AA,bill.wiggin.mp@parliament.uk
James,Wild,James Wild,"Wild, James",Conservative,North West Norfolk,House of Commons,London,SW1A 0AA,james.wild.mp@parliament.uk
Alun Craig,Williams,Craig Williams,"Williams, Craig",Conservative,Montgomeryshire,House of Commons,London,SW1A 0AA,craig.williams.mp@parliament.uk
Hywel,Williams,Hywel Williams,"Williams, Hywel",Plaid Cymru,Arfon,House of Commons,London,SW1A 0AA,hywel.williams.mp@parliament.uk
Gavin,Williamson,Gavin Williamson,"Williamson, Gavin",Conservative,South Staffordshire,House of Commons,London,SW1A 0AA,gavin.williamson.mp@parliament.uk
Munira,Wilson,Munira Wilson,"Wilson, Munira",Liberal Democrat,Twickenham,House of Commons,London,SW1A 0AA,munira.wilson.mp@parliament.uk
Samuel,Wilson,Sammy Wilson,"Wilson, Sammy",Democratic Unionist Party,East Antrim,House of Commons,London,SW1A 0AA,barronj@parliament.uk
Bethan,Winter,Beth Winter,"Winter, Beth",Labour,Cynon Valley,House of Commons,London,SW1A 0AA,beth.winter.mp@parliament.uk
Rosalie,Winterton,Dame Rosie Winterton,"Winterton, Dame Rosie",Labour,Doncaster Central,House of Commons,London,SW1A 0AA,rosie.winterton.mp@parliament.uk
Peter,Wishart,Pete Wishart,"Wishart, Pete",Scottish National Party,Perth and North Perthshire,House of Commons,London,SW1A 0AA,pete.wishart.mp@parliament.uk
Michael,Wood,Mike Wood,"Wood, Mike",Conservative,Dudley South,House of Commons,London,SW1A 0AA,mike.wood.mp@parliament.uk
William,Wragg,Mr William Wragg,"Wragg, Mr William",Conservative,Hazel Grove,House of Commons,London,SW1A 0AA,
Jeremy,Wright,Jeremy Wright,"Wright, Jeremy",Conservative,Kenilworth and Southam,House of Commons,London,SW1A 0AA,Jeremy.wright.mp@parliament.uk
Mohammad,Yasin,Mohammad Yasin,"Yasin, Mohammad",Labour,Bedford,House of Commons,London,SW1A 0AA,mohammad.yasin.mp@parliament.uk
Jacob,Young,Jacob Young,"Young, Jacob",Conservative,Redcar,House of Commons,London,SW1A 0AA,jacob.young.mp@parliament.uk
Nadhim,Zahawi,Nadhim Zahawi,"Zahawi, Nadhim",Conservative,Stratford-on-Avon,House of Commons,London,SW1A 0AA,nadhim.zahawi.mp@parliament.uk
Daniel,Zeichner,Daniel Zeichner,"Zeichner, Daniel",Labour,Cambridge,House of Commons,London,SW1A 0AA,daniel@danielzeichner.co.uk
